customer_id,age,location,transaction_frequency,average_transaction_value,merchant_categories,total_spend,account_age_days,preferred_payment_methods,last_transaction_date,created_at,updated_at
7dbd981a241f130f,18,Manila,42,577.82,Gaming|Dining|Entertainment,20340.69,678,Prepaid Card|E-wallet Balance,2026-03-12T13:08:13.964254,2024-05-18T13:08:13.964267,2026-03-27T13:08:13.964269
0d4b26a1f3f1c641,18,Quezon City,44,333.22,Entertainment|Dining|Gaming,14897.16,1051,E-wallet Balance|Prepaid Card,2026-03-18T13:08:13.964312,2023-05-11T13:08:13.964316,2026-03-27T13:08:13.964317
912de272fbeb9024,18,Pasig,43,576.0,Entertainment|Dining|Gaming,22782.48,633,Prepaid Card|E-wallet Balance,2026-03-08T13:08:13.964345,2024-07-02T13:08:13.964348,2026-03-27T13:08:13.964349
58b5260c30fa8bd2,18,Pasig,47,272.35,Dining|Entertainment|Gaming,13275.99,447,E-wallet Balance|Prepaid Card,2026-03-09T13:08:13.964374,2025-01-04T13:08:13.964376,2026-03-27T13:08:13.964377
9101a86c4ee3aaaf,18,Quezon City,55,341.57,Gaming|Entertainment|Dining,21867.67,775,E-wallet Balance|Prepaid Card,2026-03-25T13:08:13.964399,2024-02-11T13:08:13.964402,2026-03-27T13:08:13.964403
bae030a6b0e4a222,18,Quezon City,49,340.09,Dining|Entertainment|Gaming,19173.16,493,Prepaid Card|E-wallet Balance,2026-03-06T13:08:13.964424,2024-11-19T13:08:13.964426,2026-03-27T13:08:13.964427
0d5cc8d96a56e48c,18,Pasig,50,574.43,Entertainment|Gaming|Dining,30197.49,322,Prepaid Card|E-wallet Balance,2026-02-28T13:08:13.964449,2025-05-09T13:08:13.964451,2026-03-27T13:08:13.964452
99ec58817aa66f9f,18,Quezon City,45,233.41,Dining|Entertainment|Gaming,9192.15,306,Prepaid Card|E-wallet Balance,2026-03-20T13:08:13.964477,2025-05-25T13:08:13.964479,2026-03-27T13:08:13.964480
c2ad7e1469c807f9,18,Quezon City,63,335.67,Gaming|Entertainment|Dining,17844.37,766,E-wallet Balance|Prepaid Card,2026-03-18T13:08:13.964501,2024-02-20T13:08:13.964504,2026-03-27T13:08:13.964504
45f87da8b85b6e50,18,Manila,50,484.65,Entertainment|Gaming|Dining,28083.98,220,E-wallet Balance|Prepaid Card,2026-03-15T13:08:13.964525,2025-08-19T13:08:13.964528,2026-03-27T13:08:13.964528
b7e091b561fb7400,18,Quezon City,57,464.82,Entertainment|Dining|Gaming,22701.23,864,Prepaid Card|E-wallet Balance,2026-03-25T13:08:13.964549,2023-11-14T13:08:13.964552,2026-03-27T13:08:13.964552
613242c1e76fc4cf,18,Manila,54,479.37,Entertainment|Dining|Gaming,30148.95,492,E-wallet Balance|Prepaid Card,2026-03-05T13:08:13.964573,2024-11-20T13:08:13.964575,2026-03-27T13:08:13.964576
067cdaca0136c7c7,18,Quezon City,60,335.64,Entertainment|Dining|Gaming,18631.73,977,Prepaid Card|E-wallet Balance,2026-03-19T13:08:13.964596,2023-07-24T13:08:13.964598,2026-03-27T13:08:13.964599
faf736695503f7eb,18,Quezon City,56,389.6,Entertainment|Dining|Gaming,22978.99,987,E-wallet Balance|Prepaid Card,2026-03-13T13:08:13.964619,2023-07-14T13:08:13.964621,2026-03-27T13:08:13.964622
1b8a7e27ee51be91,18,Quezon City,42,409.92,Dining|Entertainment|Gaming,17960.05,684,E-wallet Balance|Prepaid Card,2026-03-19T13:08:13.964642,2024-05-12T13:08:13.964644,2026-03-27T13:08:13.964645
6ccd17532e2c6bcd,18,Quezon City,52,461.53,Entertainment|Gaming|Dining,26487.29,112,Prepaid Card|E-wallet Balance,2026-03-19T13:08:13.964666,2025-12-05T13:08:13.964668,2026-03-27T13:08:13.964669
09ead27d28f25c86,18,Quezon City,45,266.5,Dining|Gaming|Entertainment,13422.13,146,Prepaid Card|E-wallet Balance,2026-02-28T13:08:13.964689,2025-11-01T13:08:13.964691,2026-03-27T13:08:13.964692
b1972391ebf46fe6,18,Manila,56,445.3,Dining|Gaming|Entertainment,22342.02,39,Prepaid Card|E-wallet Balance,2026-03-17T13:08:13.964712,2026-02-16T13:08:13.964714,2026-03-27T13:08:13.964715
26b958e6debf04d5,18,Pasig,69,582.94,Gaming|Entertainment|Dining,46076.26,609,E-wallet Balance|Prepaid Card,2026-03-25T13:08:13.964736,2024-07-26T13:08:13.964738,2026-03-27T13:08:13.964738
92310d321f15b662,18,Quezon City,47,498.43,Dining|Gaming|Entertainment,25752.61,86,E-wallet Balance|Prepaid Card,2026-03-04T13:08:13.964759,2025-12-31T13:08:13.964761,2026-03-27T13:08:13.964761
c947316d6452819e,18,Manila,66,311.62,Dining|Entertainment|Gaming,19660.57,426,E-wallet Balance|Prepaid Card,2026-03-25T13:08:13.964782,2025-01-25T13:08:13.964784,2026-03-27T13:08:13.964785
f9e9418ceb481345,18,Quezon City,57,559.17,Dining|Entertainment|Gaming,34098.81,124,Prepaid Card|E-wallet Balance,2026-03-22T13:08:13.964804,2025-11-23T13:08:13.964807,2026-03-27T13:08:13.964807
fea5f4d1b1961b38,18,Manila,62,558.52,Entertainment|Dining|Gaming,33219.16,1060,E-wallet Balance|Prepaid Card,2026-03-08T13:08:13.964827,2023-05-02T13:08:13.964829,2026-03-27T13:08:13.964830
4631de51029a0c1d,18,Quezon City,49,469.33,Dining|Entertainment|Gaming,23370.8,186,Prepaid Card|E-wallet Balance,2026-03-14T13:08:13.964850,2025-09-22T13:08:13.964852,2026-03-27T13:08:13.964853
10755b78765d89a6,18,Quezon City,52,258.12,Gaming|Dining|Entertainment,15009.48,398,Prepaid Card|E-wallet Balance,2026-03-24T13:08:13.964873,2025-02-22T13:08:13.964875,2026-03-27T13:08:13.964876
37ecb80167dee756,18,Quezon City,43,416.12,Gaming|Entertainment|Dining,19488.92,1030,E-wallet Balance|Prepaid Card,2026-03-21T13:08:13.964896,2023-06-01T13:08:13.964898,2026-03-27T13:08:13.964899
8e44ff1ab5992968,18,Manila,62,353.41,Gaming|Entertainment|Dining,18007.85,707,E-wallet Balance|Prepaid Card,2026-03-17T13:08:13.964918,2024-04-19T13:08:13.964920,2026-03-27T13:08:13.964921
0205fe24ae924788,18,Quezon City,41,483.4,Gaming|Dining|Entertainment,16679.95,88,Prepaid Card|E-wallet Balance,2026-03-19T13:08:13.964941,2025-12-29T13:08:13.964943,2026-03-27T13:08:13.964944
9bc7c094258bedf3,18,Quezon City,57,401.92,Gaming|Entertainment|Dining,24161.74,1031,E-wallet Balance|Prepaid Card,2026-03-12T13:08:13.964964,2023-05-31T13:08:13.964966,2026-03-27T13:08:13.964967
cacbd4ebf9994dd5,18,Manila,68,212.52,Dining|Gaming|Entertainment,14618.32,589,E-wallet Balance|Prepaid Card,2026-03-09T13:08:13.964986,2024-08-15T13:08:13.964989,2026-03-27T13:08:13.964989
1c2b1741900696dc,18,Manila,42,550.43,Entertainment|Gaming|Dining,26036.83,104,Prepaid Card|E-wallet Balance,2026-03-25T13:08:13.965009,2025-12-13T13:08:13.965011,2026-03-27T13:08:13.965012
24a8873be71210c3,18,Pasig,59,319.0,Gaming|Entertainment|Dining,19452.25,733,E-wallet Balance|Prepaid Card,2026-03-21T13:08:13.965032,2024-03-24T13:08:13.965034,2026-03-27T13:08:13.965035
141c931a44a0024f,18,Quezon City,49,583.23,Entertainment|Dining|Gaming,30468.48,66,Prepaid Card|E-wallet Balance,2026-03-16T13:08:13.965055,2026-01-20T13:08:13.965057,2026-03-27T13:08:13.965058
334b58fb1850d7db,18,Pasig,64,355.04,Dining|Entertainment|Gaming,24748.68,1040,E-wallet Balance|Prepaid Card,2026-03-23T13:08:13.965078,2023-05-22T13:08:13.965080,2026-03-27T13:08:13.965081
73b7de179726b219,18,Pasig,65,577.51,Dining|Entertainment|Gaming,41846.26,148,E-wallet Balance|Prepaid Card,2026-03-06T13:08:13.965102,2025-10-30T13:08:13.965104,2026-03-27T13:08:13.965105
851ef405c42c0b6e,18,Manila,69,536.91,Gaming|Dining|Entertainment,30132.81,378,Prepaid Card|E-wallet Balance,2026-03-03T13:08:13.965126,2025-03-14T13:08:13.965128,2026-03-27T13:08:13.965129
af05e6be338707e5,18,Quezon City,40,220.03,Dining|Entertainment|Gaming,7889.27,591,E-wallet Balance|Prepaid Card,2026-02-26T13:08:13.965149,2024-08-13T13:08:13.965151,2026-03-27T13:08:13.965152
2be51d3edfc4870b,18,Quezon City,63,268.68,Entertainment|Gaming|Dining,15476.84,156,E-wallet Balance|Prepaid Card,2026-03-11T13:08:13.965172,2025-10-22T13:08:13.965174,2026-03-27T13:08:13.965175
4f8ed365aa8e370d,18,Manila,56,408.77,Dining|Entertainment|Gaming,19460.49,394,Prepaid Card|E-wallet Balance,2026-03-07T13:08:13.965195,2025-02-26T13:08:13.965197,2026-03-27T13:08:13.965198
5e1a81b986e3f6fb,18,Manila,66,345.5,Gaming|Dining|Entertainment,21938.79,129,E-wallet Balance|Prepaid Card,2026-03-20T13:08:13.965218,2025-11-18T13:08:13.965220,2026-03-27T13:08:13.965220
2441909e883a881f,18,Quezon City,62,429.12,Entertainment|Dining|Gaming,30217.23,554,Prepaid Card|E-wallet Balance,2026-03-26T13:08:13.965240,2024-09-19T13:08:13.965242,2026-03-27T13:08:13.965243
ecc1f309838c7632,18,Manila,61,385.69,Entertainment|Gaming|Dining,21228.93,925,Prepaid Card|E-wallet Balance,2026-03-16T13:08:13.965263,2023-09-14T13:08:13.965265,2026-03-27T13:08:13.965265
df45473ad2e57280,18,Quezon City,61,341.64,Entertainment|Gaming|Dining,19287.7,822,Prepaid Card|E-wallet Balance,2026-03-14T13:08:13.965286,2023-12-26T13:08:13.965288,2026-03-27T13:08:13.965289
13805ce35698b897,18,Manila,58,511.72,Entertainment|Gaming|Dining,26635.33,518,Prepaid Card|E-wallet Balance,2026-03-26T13:08:13.965308,2024-10-25T13:08:13.965310,2026-03-27T13:08:13.965311
7d53ea54e52a8859,18,Manila,50,267.63,Dining|Entertainment|Gaming,11150.31,895,E-wallet Balance|Prepaid Card,2026-03-10T13:08:13.965331,2023-10-14T13:08:13.965333,2026-03-27T13:08:13.965333
07de87d9809f56be,18,Manila,49,488.06,Entertainment|Gaming|Dining,24523.92,1092,E-wallet Balance|Prepaid Card,2026-03-15T13:08:13.965353,2023-03-31T13:08:13.965355,2026-03-27T13:08:13.965356
191642556f343e50,18,Manila,57,290.57,Dining|Gaming|Entertainment,15829.73,170,E-wallet Balance|Prepaid Card,2026-03-23T13:08:13.965375,2025-10-08T13:08:13.965378,2026-03-27T13:08:13.965378
fe5dccc4711a7ed4,18,Quezon City,56,584.32,Gaming|Entertainment|Dining,33359.15,125,E-wallet Balance|Prepaid Card,2026-03-20T13:08:13.965398,2025-11-22T13:08:13.965400,2026-03-27T13:08:13.965401
81bf5b6a7055d700,18,Quezon City,69,537.8,Dining|Gaming|Entertainment,35616.47,760,Prepaid Card|E-wallet Balance,2026-03-15T13:08:13.965421,2024-02-26T13:08:13.965423,2026-03-27T13:08:13.965424
ed83104e02eb0219,18,Quezon City,51,444.02,Entertainment|Dining|Gaming,22144.19,905,E-wallet Balance|Prepaid Card,2026-03-07T13:08:13.965443,2023-10-04T13:08:13.965445,2026-03-27T13:08:13.965446
d6521d539af50294,59,Iloilo City,8,954.67,Transportation|Groceries|Healthcare,8878.37,1011,Debit Card|Cash-in,2026-03-07T13:08:13.965473,2023-06-20T13:08:13.965475,2026-03-27T13:08:13.965476
317e223a08c11a71,59,Davao City,10,985.23,Healthcare|Transportation|Groceries,9822.62,872,Debit Card|Cash-in,2026-03-07T13:08:13.965497,2023-11-06T13:08:13.965499,2026-03-27T13:08:13.965500
4b8f5d6b629b98af,59,Davao City,14,968.01,Groceries|Transportation|Healthcare,15020.33,346,Debit Card|Cash-in,2026-03-26T13:08:13.965520,2025-04-15T13:08:13.965522,2026-03-27T13:08:13.965523
5438c390c71015ce,59,Cebu City,11,734.96,Groceries|Transportation|Healthcare,8590.61,709,Debit Card|Cash-in,2026-03-19T13:08:13.965544,2024-04-17T13:08:13.965546,2026-03-27T13:08:13.965547
6001cfe4f7f53136,59,Davao City,6,1348.28,Transportation|Healthcare|Groceries,9302.96,1088,Cash-in|Debit Card,2026-03-21T13:08:13.965567,2023-04-04T13:08:13.965569,2026-03-27T13:08:13.965569
faa365098d6ab3b9,59,Cebu City,13,1496.49,Transportation|Healthcare|Groceries,16672.53,747,Debit Card|Cash-in,2026-03-18T13:08:13.965589,2024-03-10T13:08:13.965591,2026-03-27T13:08:13.965592
ebe3c3b98a2a8eef,59,Cebu City,7,1160.81,Groceries|Healthcare|Transportation,8169.47,162,Cash-in|Debit Card,2026-03-27T13:08:13.965612,2025-10-16T13:08:13.965614,2026-03-27T13:08:13.965615
341177f71d2eb065,59,Davao City,8,712.23,Groceries|Transportation|Healthcare,4730.63,640,Cash-in|Debit Card,2026-03-07T13:08:13.965635,2024-06-25T13:08:13.965637,2026-03-27T13:08:13.965638
673daf8b3df94157,59,Cebu City,12,769.53,Healthcare|Groceries|Transportation,7967.66,143,Cash-in|Debit Card,2026-03-21T13:08:13.965658,2025-11-04T13:08:13.965660,2026-03-27T13:08:13.965661
aafcb0cd6afab09f,59,Davao City,8,1378.96,Groceries|Healthcare|Transportation,10666.74,106,Cash-in|Debit Card,2026-03-20T13:08:13.965682,2025-12-11T13:08:13.965684,2026-03-27T13:08:13.965685
b077fab745019a78,59,Davao City,12,666.13,Transportation|Healthcare|Groceries,6555.8,270,Cash-in|Debit Card,2026-03-16T13:08:13.965705,2025-06-30T13:08:13.965708,2026-03-27T13:08:13.965708
adfeb03de8f93317,59,Iloilo City,7,1183.7,Transportation|Healthcare|Groceries,6633.8,451,Cash-in|Debit Card,2026-03-14T13:08:13.965729,2024-12-31T13:08:13.965731,2026-03-27T13:08:13.965732
371c7d981f319397,59,Davao City,14,1490.83,Healthcare|Groceries|Transportation,24774.2,188,Debit Card|Cash-in,2026-03-19T13:08:13.965753,2025-09-20T13:08:13.965755,2026-03-27T13:08:13.965756
5121c1331a33237b,59,Bacolod,8,1359.2,Healthcare|Groceries|Transportation,10473.2,152,Cash-in|Debit Card,2026-03-06T13:08:13.965776,2025-10-26T13:08:13.965779,2026-03-27T13:08:13.965779
81b9bdcf573fe522,59,Iloilo City,14,1433.92,Transportation|Groceries|Healthcare,16830.47,205,Cash-in|Debit Card,2026-03-26T13:08:13.965800,2025-09-03T13:08:13.965802,2026-03-27T13:08:13.965803
b5eda53794bd3326,59,Davao City,8,1307.78,Transportation|Healthcare|Groceries,10219.21,776,Debit Card|Cash-in,2026-03-09T13:08:13.965823,2024-02-10T13:08:13.965825,2026-03-27T13:08:13.965826
ab45e5715ad2721e,59,Iloilo City,10,1233.54,Transportation|Healthcare|Groceries,13089.82,629,Debit Card|Cash-in,2026-03-27T13:08:13.965846,2024-07-06T13:08:13.965848,2026-03-27T13:08:13.965849
fe3d0b3a1c52ff29,59,Davao City,8,502.73,Healthcare|Groceries|Transportation,3280.32,418,Cash-in|Debit Card,2026-03-05T13:08:13.965868,2025-02-02T13:08:13.965870,2026-03-27T13:08:13.965871
05aaa93e25ea2dd5,59,Davao City,11,1235.54,Healthcare|Transportation|Groceries,11464.64,868,Cash-in|Debit Card,2026-02-26T13:08:13.965891,2023-11-10T13:08:13.965893,2026-03-27T13:08:13.965894
81af73ea1dd7b5cb,59,Davao City,7,1238.57,Groceries|Transportation|Healthcare,9107.47,331,Debit Card|Cash-in,2026-03-19T13:08:13.965913,2025-04-30T13:08:13.965915,2026-03-27T13:08:13.965916
cea17a9da95ddc03,59,Iloilo City,10,692.35,Transportation|Groceries|Healthcare,6748.34,437,Cash-in|Debit Card,2026-03-16T13:08:13.965936,2025-01-14T13:08:13.965938,2026-03-27T13:08:13.965938
32cef37c74faaaec,59,Cebu City,12,1162.86,Groceries|Transportation|Healthcare,13786.42,1091,Debit Card|Cash-in,2026-03-15T13:08:13.965958,2023-04-01T13:08:13.965960,2026-03-27T13:08:13.965961
0e8e38c70877ed9e,59,Cebu City,6,1478.86,Transportation|Healthcare|Groceries,7349.73,1028,Debit Card|Cash-in,2026-03-12T13:08:13.965981,2023-06-03T13:08:13.965983,2026-03-27T13:08:13.965984
8bbf436edc190b49,59,Davao City,13,959.63,Healthcare|Transportation|Groceries,13703.6,51,Debit Card|Cash-in,2026-02-28T13:08:13.966004,2026-02-04T13:08:13.966006,2026-03-27T13:08:13.966007
531576042585bb14,59,Iloilo City,11,546.93,Healthcare|Groceries|Transportation,5842.94,970,Cash-in|Debit Card,2026-03-23T13:08:13.966028,2023-07-31T13:08:13.966030,2026-03-27T13:08:13.966031
939867ebf4db571a,59,Davao City,7,511.14,Transportation|Groceries|Healthcare,2938.73,380,Cash-in|Debit Card,2026-03-18T13:08:13.966050,2025-03-12T13:08:13.966053,2026-03-27T13:08:13.966053
76559ecf12df8b7f,59,Iloilo City,6,1093.38,Transportation|Groceries|Healthcare,6537.91,474,Cash-in|Debit Card,2026-03-01T13:08:13.966074,2024-12-08T13:08:13.966076,2026-03-27T13:08:13.966077
c96498fff2bb4ad3,59,Cebu City,10,605.82,Groceries|Healthcare|Transportation,6329.28,539,Debit Card|Cash-in,2026-03-10T13:08:13.966099,2024-10-04T13:08:13.966101,2026-03-27T13:08:13.966101
1120d5edebda7bee,59,Davao City,9,1427.11,Transportation|Healthcare|Groceries,10776.87,846,Cash-in|Debit Card,2026-03-06T13:08:13.966121,2023-12-02T13:08:13.966123,2026-03-27T13:08:13.966124
fa18de7e1bb939f2,59,Davao City,7,1156.05,Transportation|Healthcare|Groceries,9310.38,951,Debit Card|Cash-in,2026-03-27T13:08:13.966144,2023-08-19T13:08:13.966146,2026-03-27T13:08:13.966147
de6546d1f3225efc,59,Davao City,7,775.47,Healthcare|Groceries|Transportation,6111.57,353,Debit Card|Cash-in,2026-03-26T13:08:13.966167,2025-04-08T13:08:13.966170,2026-03-27T13:08:13.966170
1ab76291564116ad,59,Bacolod,11,515.77,Groceries|Healthcare|Transportation,5762.79,78,Cash-in|Debit Card,2026-02-27T13:08:13.966190,2026-01-08T13:08:13.966192,2026-03-27T13:08:13.966193
de003c719cfebd91,59,Davao City,7,1385.55,Healthcare|Transportation|Groceries,9087.08,80,Debit Card|Cash-in,2026-03-08T13:08:13.966213,2026-01-06T13:08:13.966215,2026-03-27T13:08:13.966216
ab5a53dbf7045c90,59,Davao City,12,725.78,Transportation|Groceries|Healthcare,8870.35,458,Cash-in|Debit Card,2026-03-20T13:08:13.966236,2024-12-24T13:08:13.966238,2026-03-27T13:08:13.966239
1848d8f9c5a80570,59,Cebu City,10,1414.66,Groceries|Transportation|Healthcare,11486.81,333,Debit Card|Cash-in,2026-03-21T13:08:13.966258,2025-04-28T13:08:13.966261,2026-03-27T13:08:13.966261
976062c173f1111c,59,Iloilo City,14,1402.12,Groceries|Healthcare|Transportation,17603.89,651,Debit Card|Cash-in,2026-03-16T13:08:13.966281,2024-06-14T13:08:13.966283,2026-03-27T13:08:13.966284
2773cb02de3b35f8,59,Cebu City,7,1227.16,Groceries|Transportation|Healthcare,7391.56,179,Cash-in|Debit Card,2026-02-27T13:08:13.966303,2025-09-29T13:08:13.966305,2026-03-27T13:08:13.966306
9abd4a2eb5fb564a,59,Davao City,6,1452.94,Healthcare|Groceries|Transportation,7759.78,991,Cash-in|Debit Card,2026-03-27T13:08:13.966325,2023-07-10T13:08:13.966327,2026-03-27T13:08:13.966328
78454433e3f3b789,59,Cebu City,10,993.15,Groceries|Healthcare|Transportation,9896.93,360,Cash-in|Debit Card,2026-03-04T13:08:13.966348,2025-04-01T13:08:13.966350,2026-03-27T13:08:13.966351
624eb4754b7b7eb3,59,Cebu City,6,1305.46,Groceries|Healthcare|Transportation,6775.5,602,Cash-in|Debit Card,2026-03-06T13:08:13.966370,2024-08-02T13:08:13.966372,2026-03-27T13:08:13.966373
562e30c91db9b3e8,59,Cebu City,14,1211.25,Transportation|Groceries|Healthcare,17667.98,778,Debit Card|Cash-in,2026-02-28T13:08:13.966392,2024-02-08T13:08:13.966394,2026-03-27T13:08:13.966395
43a608545743dfea,59,Cebu City,9,1330.56,Groceries|Transportation|Healthcare,10127.11,856,Debit Card|Cash-in,2026-02-28T13:08:13.966415,2023-11-22T13:08:13.966417,2026-03-27T13:08:13.966417
10c02483f9115ee4,59,Iloilo City,7,857.04,Transportation|Groceries|Healthcare,4876.83,1014,Debit Card|Cash-in,2026-03-06T13:08:13.966437,2023-06-17T13:08:13.966439,2026-03-27T13:08:13.966440
e778d2325192071b,59,Iloilo City,5,1028.57,Groceries|Healthcare|Transportation,5999.98,903,Debit Card|Cash-in,2026-03-20T13:08:13.966460,2023-10-06T13:08:13.966462,2026-03-27T13:08:13.966463
2ee476f66c1467b6,59,Davao City,13,1145.14,Healthcare|Groceries|Transportation,17165.07,723,Debit Card|Cash-in,2026-02-27T13:08:13.966482,2024-04-03T13:08:13.966484,2026-03-27T13:08:13.966485
e28e893d8fb62464,59,Cebu City,9,843.7,Healthcare|Transportation|Groceries,6151.57,688,Cash-in|Debit Card,2026-03-23T13:08:13.966504,2024-05-08T13:08:13.966506,2026-03-27T13:08:13.966507
83c7263e432a79f8,59,Cebu City,8,851.78,Transportation|Healthcare|Groceries,6398.09,50,Debit Card|Cash-in,2026-03-19T13:08:13.966527,2026-02-05T13:08:13.966529,2026-03-27T13:08:13.966530
8439e5aacfb16ba1,59,Cebu City,11,1146.55,Healthcare|Groceries|Transportation,12660.15,430,Debit Card|Cash-in,2026-03-09T13:08:13.966549,2025-01-21T13:08:13.966551,2026-03-27T13:08:13.966551
d8deeae750d8757f,59,Bacolod,9,1338.79,Transportation|Groceries|Healthcare,12413.71,1079,Cash-in|Debit Card,2026-03-20T13:08:13.966571,2023-04-13T13:08:13.966573,2026-03-27T13:08:13.966574
2fb498caddae1926,59,Bacolod,5,1407.35,Transportation|Groceries|Healthcare,8265.6,671,Debit Card|Cash-in,2026-03-02T13:08:13.966593,2024-05-25T13:08:13.966595,2026-03-27T13:08:13.966596
609da099b8350a1f,47,Makati,147,14300.76,Wholesale|Business|Shopping,2517523.75,981,Bank Transfer|Credit Card,2026-02-26T13:08:13.966618,2023-07-20T13:08:13.966620,2026-03-27T13:08:13.966620
961e7f9671bcfa35,37,Makati,148,12012.21,Shopping|Business|Wholesale,2015054.51,927,Bank Transfer|Credit Card,2026-03-06T13:08:13.966640,2023-09-12T13:08:13.966643,2026-03-27T13:08:13.966643
f78a363a41006e15,35,BGC,147,12934.6,Shopping|Business|Wholesale,1907762.13,394,Bank Transfer|Credit Card,2026-03-05T13:08:13.966663,2025-02-26T13:08:13.966665,2026-03-27T13:08:13.966666
d2e90fd53e724ffe,33,Quezon City,147,10267.96,Wholesale|Business|Shopping,1624618.48,317,Bank Transfer|Credit Card,2026-03-21T13:08:13.966685,2025-05-14T13:08:13.966687,2026-03-27T13:08:13.966688
0800cfe89919a1a6,31,BGC,148,13672.52,Shopping|Wholesale|Business,1914911.24,95,Credit Card|Bank Transfer,2026-03-27T13:08:13.966708,2025-12-22T13:08:13.966710,2026-03-27T13:08:13.966710
83da0f97780e8cb7,45,Makati,147,12908.0,Shopping|Business|Wholesale,2015278.18,274,Bank Transfer|Credit Card,2026-03-24T13:08:13.966730,2025-06-26T13:08:13.966733,2026-03-27T13:08:13.966733
b018d075b4fea19f,41,BGC,148,10895.06,Business|Wholesale|Shopping,1646445.68,1004,Credit Card|Bank Transfer,2026-02-27T13:08:13.966753,2023-06-27T13:08:13.966755,2026-03-27T13:08:13.966756
ef6fb61d1870822e,37,Makati,146,12969.63,Shopping|Business|Wholesale,1583854.66,543,Bank Transfer|Credit Card,2026-03-15T13:08:13.966775,2024-09-30T13:08:13.966777,2026-03-27T13:08:13.966778
83fd442d9c10caff,45,Makati,149,12774.65,Shopping|Business|Wholesale,2066491.33,449,Bank Transfer|Credit Card,2026-03-14T13:08:13.966797,2025-01-02T13:08:13.966799,2026-03-27T13:08:13.966800
46685067f1712606,46,Quezon City,145,10251.98,Shopping|Wholesale|Business,1239725.13,51,Credit Card|Bank Transfer,2026-03-23T13:08:13.966823,2026-02-04T13:08:13.966825,2026-03-27T13:08:13.966826
aaca61a3f4011dca,39,Makati,146,11646.62,Wholesale|Business|Shopping,1685990.96,211,Bank Transfer|Credit Card,2026-03-04T13:08:13.966847,2025-08-28T13:08:13.966849,2026-03-27T13:08:13.966850
a22c4ac941d1d16d,41,Makati,146,12148.44,Wholesale|Shopping|Business,1578812.82,581,Credit Card|Bank Transfer,2026-03-23T13:08:13.966871,2024-08-23T13:08:13.966873,2026-03-27T13:08:13.966874
75148127f1a78ce5,34,Quezon City,147,12506.79,Wholesale|Shopping|Business,1722518.95,977,Bank Transfer|Credit Card,2026-03-20T13:08:13.966897,2023-07-24T13:08:13.966900,2026-03-27T13:08:13.966900
d14badac9fb9c795,38,BGC,148,14350.86,Wholesale|Business|Shopping,2251714.73,954,Bank Transfer|Credit Card,2026-03-06T13:08:13.966922,2023-08-16T13:08:13.966924,2026-03-27T13:08:13.966925
1a99160bd510d38d,43,Makati,146,11885.19,Shopping|Business|Wholesale,1635173.07,750,Credit Card|Bank Transfer,2026-03-25T13:08:13.966945,2024-03-07T13:08:13.966948,2026-03-27T13:08:13.966948
55ee3bece3dcb6a8,32,BGC,146,10170.52,Shopping|Wholesale|Business,1222841.07,217,Credit Card|Bank Transfer,2026-02-27T13:08:13.966971,2025-08-22T13:08:13.966973,2026-03-27T13:08:13.966973
a13345e65f89a87c,30,Quezon City,146,13501.69,Shopping|Business|Wholesale,1583974.67,970,Credit Card|Bank Transfer,2026-03-26T13:08:13.966994,2023-07-31T13:08:13.966996,2026-03-27T13:08:13.966997
6b16e485329b5924,35,BGC,146,14643.54,Shopping|Wholesale|Business,2406687.36,735,Bank Transfer|Credit Card,2026-03-11T13:08:13.967017,2024-03-22T13:08:13.967019,2026-03-27T13:08:13.967020
e5ee18e0b9f9af5c,32,Makati,149,10612.05,Wholesale|Business|Shopping,1618006.75,224,Bank Transfer|Credit Card,2026-03-22T13:08:13.967040,2025-08-15T13:08:13.967042,2026-03-27T13:08:13.967043
7d9f6c679b1b88bd,31,Quezon City,147,11971.37,Business|Shopping|Wholesale,1618139.57,535,Bank Transfer|Credit Card,2026-03-12T13:08:13.967063,2024-10-08T13:08:13.967065,2026-03-27T13:08:13.967065
d0515c5efccb25c1,44,Makati,149,10831.99,Wholesale|Business|Shopping,1612756.63,698,Bank Transfer|Credit Card,2026-03-01T13:08:13.967085,2024-04-28T13:08:13.967087,2026-03-27T13:08:13.967088
67169bab41d7e5de,47,Quezon City,148,13429.33,Wholesale|Business|Shopping,1798786.06,472,Credit Card|Bank Transfer,2026-03-21T13:08:13.967107,2024-12-10T13:08:13.967109,2026-03-27T13:08:13.967110
459b7b6d270eee54,33,Makati,147,13086.65,Wholesale|Shopping|Business,2209503.42,698,Bank Transfer|Credit Card,2026-03-22T13:08:13.967129,2024-04-28T13:08:13.967131,2026-03-27T13:08:13.967132
9ad8fd5f2f312cfa,45,Quezon City,149,11794.64,Shopping|Wholesale|Business,1950182.19,732,Credit Card|Bank Transfer,2026-03-09T13:08:13.967151,2024-03-25T13:08:13.967153,2026-03-27T13:08:13.967154
662300889cc605a1,34,Makati,148,14250.59,Shopping|Wholesale|Business,2445085.44,1029,Bank Transfer|Credit Card,2026-03-22T13:08:13.967174,2023-06-02T13:08:13.967176,2026-03-27T13:08:13.967177
a96214fce0b1a7a7,48,Quezon City,146,14645.03,Business|Shopping|Wholesale,2451612.23,397,Credit Card|Bank Transfer,2026-03-27T13:08:13.967197,2025-02-23T13:08:13.967199,2026-03-27T13:08:13.967200
89f5efadbad1c11b,34,Makati,145,10553.47,Wholesale|Shopping|Business,1282334.27,694,Credit Card|Bank Transfer,2026-03-12T13:08:13.967219,2024-05-02T13:08:13.967221,2026-03-27T13:08:13.967222
5cc839be11d71bf7,36,Quezon City,145,12850.34,Wholesale|Business|Shopping,1713234.22,994,Credit Card|Bank Transfer,2026-03-23T13:08:13.967242,2023-07-07T13:08:13.967244,2026-03-27T13:08:13.967244
f2bef244f1fecee8,32,Quezon City,146,10741.38,Shopping|Business|Wholesale,1487485.65,850,Bank Transfer|Credit Card,2026-03-10T13:08:13.967264,2023-11-28T13:08:13.967266,2026-03-27T13:08:13.967267
58a4b0eb77c4b405,49,Makati,147,11935.19,Business|Shopping|Wholesale,1895200.74,170,Bank Transfer|Credit Card,2026-03-10T13:08:13.967286,2025-10-08T13:08:13.967288,2026-03-27T13:08:13.967289
02612aab532bd767,38,BGC,148,13736.54,Wholesale|Shopping|Business,2315025.98,421,Bank Transfer|Credit Card,2026-03-13T13:08:13.967308,2025-01-30T13:08:13.967310,2026-03-27T13:08:13.967311
4f5d670b759668d3,49,Makati,148,14672.27,Business|Wholesale|Shopping,2414195.52,677,Bank Transfer|Credit Card,2026-03-16T13:08:13.967331,2024-05-19T13:08:13.967333,2026-03-27T13:08:13.967334
6b0acec74cdf26ed,32,Quezon City,145,14777.08,Business|Shopping|Wholesale,1844471.24,381,Credit Card|Bank Transfer,2026-03-25T13:08:13.967353,2025-03-11T13:08:13.967355,2026-03-27T13:08:13.967356
f2ed123574a78cfd,38,Makati,147,11517.88,Shopping|Business|Wholesale,1745876.25,605,Bank Transfer|Credit Card,2026-03-25T13:08:13.967375,2024-07-30T13:08:13.967377,2026-03-27T13:08:13.967378
591914e29591f260,31,Quezon City,147,10907.61,Business|Shopping|Wholesale,1539853.63,88,Bank Transfer|Credit Card,2026-03-17T13:08:13.967397,2025-12-29T13:08:13.967399,2026-03-27T13:08:13.967400
8c1e363f7e8eaf6d,41,Makati,149,14885.98,Shopping|Business|Wholesale,1792151.89,467,Bank Transfer|Credit Card,2026-02-27T13:08:13.967420,2024-12-15T13:08:13.967422,2026-03-27T13:08:13.967423
0381e22ac2ebe404,37,Makati,145,14763.25,Shopping|Business|Wholesale,2356404.49,139,Credit Card|Bank Transfer,2026-03-17T13:08:13.967442,2025-11-08T13:08:13.967444,2026-03-27T13:08:13.967445
f77b48cc04d9e4a8,39,Makati,148,13376.18,Business|Wholesale|Shopping,1620233.72,1054,Credit Card|Bank Transfer,2026-03-13T13:08:13.967464,2023-05-08T13:08:13.967467,2026-03-27T13:08:13.967467
c5ae430aeac9d40d,41,BGC,149,14084.25,Shopping|Business|Wholesale,1971713.87,653,Credit Card|Bank Transfer,2026-03-20T13:08:13.967487,2024-06-12T13:08:13.967489,2026-03-27T13:08:13.967489
42c2e1df4865879d,48,Quezon City,149,12240.9,Business|Wholesale|Shopping,1839634.77,283,Credit Card|Bank Transfer,2026-03-03T13:08:13.967510,2025-06-17T13:08:13.967512,2026-03-27T13:08:13.967513
e5b1ed4fa5b530cc,33,Quezon City,147,10909.19,Wholesale|Business|Shopping,1544549.16,953,Bank Transfer|Credit Card,2026-03-23T13:08:13.967532,2023-08-17T13:08:13.967534,2026-03-27T13:08:13.967535
af8b7e548ffcbdb3,34,BGC,149,10567.92,Wholesale|Business|Shopping,1479025.33,1001,Bank Transfer|Credit Card,2026-03-09T13:08:13.967554,2023-06-30T13:08:13.967556,2026-03-27T13:08:13.967557
66c29634648d37cf,36,BGC,146,13173.5,Business|Shopping|Wholesale,2306994.59,237,Credit Card|Bank Transfer,2026-03-22T13:08:13.967577,2025-08-02T13:08:13.967579,2026-03-27T13:08:13.967580
94b8ee7852c7a471,46,BGC,146,13791.6,Business|Wholesale|Shopping,2111767.93,526,Credit Card|Bank Transfer,2026-03-01T13:08:13.967599,2024-10-17T13:08:13.967602,2026-03-27T13:08:13.967602
fea66f94c32601ff,40,BGC,145,14816.15,Wholesale|Business|Shopping,1955401.82,319,Bank Transfer|Credit Card,2026-03-17T13:08:13.967622,2025-05-12T13:08:13.967624,2026-03-27T13:08:13.967625
0e2e2f920fa322d5,46,BGC,148,13013.14,Business|Shopping|Wholesale,1838255.77,1064,Bank Transfer|Credit Card,2026-03-26T13:08:13.967644,2023-04-28T13:08:13.967647,2026-03-27T13:08:13.967647
e297afe437bf13dd,34,Makati,149,13860.92,Shopping|Business|Wholesale,1727261.66,589,Bank Transfer|Credit Card,2026-03-11T13:08:13.967667,2024-08-15T13:08:13.967669,2026-03-27T13:08:13.967670
f1bafe291d120e00,38,BGC,147,11535.32,Wholesale|Shopping|Business,1833641.72,287,Bank Transfer|Credit Card,2026-03-04T13:08:13.967689,2025-06-13T13:08:13.967691,2026-03-27T13:08:13.967692
e42bfe4835e8e8d9,34,BGC,148,11884.11,Shopping|Business|Wholesale,2102264.98,49,Credit Card|Bank Transfer,2026-03-26T13:08:13.967712,2026-02-06T13:08:13.967714,2026-03-27T13:08:13.967714
55cdf45074a80e20,48,BGC,149,13636.28,Business|Wholesale|Shopping,2105483.63,751,Credit Card|Bank Transfer,2026-03-24T13:08:13.967735,2024-03-06T13:08:13.967737,2026-03-27T13:08:13.967738
3c41861932d4a0a5,55,Davao City,1,114.29,Healthcare|Groceries|Transportation,93.24,182,Cash-in|Debit Card,2026-03-10T13:08:13.967758,2025-09-26T13:08:13.967760,2026-03-27T13:08:13.967761
3350f3367f4e6608,46,Iloilo City,1,119.14,Transportation|Healthcare|Groceries,135.16,281,Debit Card|Cash-in,2026-03-20T13:08:13.967781,2025-06-19T13:08:13.967783,2026-03-27T13:08:13.967784
02d2272e81612c3b,48,Cebu City,3,132.28,Groceries|Transportation|Healthcare,397.4,219,Cash-in|Debit Card,2026-02-27T13:08:13.967803,2025-08-20T13:08:13.967805,2026-03-27T13:08:13.967806
4847c6d0135e3391,43,Davao City,1,64.05,Groceries|Healthcare|Transportation,62.1,791,Debit Card|Cash-in,2026-03-26T13:08:13.967826,2024-01-26T13:08:13.967828,2026-03-27T13:08:13.967829
b10f5571b121dbf9,47,Davao City,3,115.75,Healthcare|Groceries|Transportation,366.81,394,Cash-in|Debit Card,2026-03-15T13:08:13.967848,2025-02-26T13:08:13.967850,2026-03-27T13:08:13.967851
19a57646a197b574,50,Iloilo City,1,62.55,Transportation|Healthcare|Groceries,73.15,121,Cash-in|Debit Card,2026-03-05T13:08:13.967870,2025-11-26T13:08:13.967872,2026-03-27T13:08:13.967873
1919a8ec1179d0d1,59,Davao City,1,85.75,Groceries|Healthcare|Transportation,71.57,155,Cash-in|Debit Card,2026-03-18T13:08:13.967892,2025-10-23T13:08:13.967894,2026-03-27T13:08:13.967895
2c629cbe2a196061,58,Cebu City,2,106.58,Healthcare|Groceries|Transportation,250.48,347,Cash-in|Debit Card,2026-03-19T13:08:13.968388,2025-04-14T13:08:13.968396,2026-03-27T13:08:13.968398
15ac34143c27eed1,53,Davao City,2,178.35,Healthcare|Groceries|Transportation,397.54,214,Cash-in|Debit Card,2026-03-15T13:08:13.968467,2025-08-25T13:08:13.968471,2026-03-27T13:08:13.968472
49dd296d94ff78e0,52,Davao City,2,161.06,Groceries|Healthcare|Transportation,368.13,763,Cash-in|Debit Card,2026-03-13T13:08:13.968506,2024-02-23T13:08:13.968509,2026-03-27T13:08:13.968510
ad2d44d96a0c21ab,40,Iloilo City,3,107.32,Transportation|Groceries|Healthcare,356.92,137,Debit Card|Cash-in,2026-03-07T13:08:13.968536,2025-11-10T13:08:13.968538,2026-03-27T13:08:13.968539
3bb86d968d8b2412,44,Iloilo City,4,90.49,Healthcare|Groceries|Transportation,317.29,58,Debit Card|Cash-in,2026-03-01T13:08:13.968563,2026-01-28T13:08:13.968565,2026-03-27T13:08:13.968566
a09e54874f180e4d,49,Cebu City,2,171.33,Groceries|Healthcare|Transportation,317.11,220,Debit Card|Cash-in,2026-03-13T13:08:13.968588,2025-08-19T13:08:13.968591,2026-03-27T13:08:13.968592
e821cbafa44c3e90,41,Davao City,4,174.82,Healthcare|Transportation|Groceries,674.02,344,Cash-in|Debit Card,2026-03-04T13:08:13.968614,2025-04-17T13:08:13.968616,2026-03-27T13:08:13.968617
b0c7252c653ed216,43,Bacolod,2,85.69,Transportation|Healthcare|Groceries,172.03,669,Cash-in|Debit Card,2026-03-19T13:08:13.968638,2024-05-27T13:08:13.968641,2026-03-27T13:08:13.968642
ef9d642cf13b8e74,53,Cebu City,3,103.79,Healthcare|Groceries|Transportation,311.02,435,Cash-in|Debit Card,2026-03-20T13:08:13.968664,2025-01-16T13:08:13.968667,2026-03-27T13:08:13.968668
8be0646f7a61678d,56,Davao City,3,99.44,Groceries|Healthcare|Transportation,298.54,187,Debit Card|Cash-in,2026-02-28T13:08:13.968689,2025-09-21T13:08:13.968691,2026-03-27T13:08:13.968692
5a2032086f7960e9,49,Davao City,1,112.04,Transportation|Groceries|Healthcare,107.46,154,Cash-in|Debit Card,2026-03-20T13:08:13.968713,2025-10-24T13:08:13.968715,2026-03-27T13:08:13.968716
779f35e26a06e465,48,Iloilo City,2,130.91,Transportation|Groceries|Healthcare,258.03,102,Debit Card|Cash-in,2026-03-05T13:08:13.968836,2025-12-15T13:08:13.968842,2026-03-27T13:08:13.968844
1c5557b4f2689db3,43,Cebu City,1,93.79,Groceries|Transportation|Healthcare,100.08,143,Cash-in|Debit Card,2026-03-24T13:08:13.968885,2025-11-04T13:08:13.968889,2026-03-27T13:08:13.968890
5acba821f0091e22,41,Iloilo City,1,162.61,Groceries|Transportation|Healthcare,179.76,1085,Cash-in|Debit Card,2026-03-14T13:08:13.969095,2023-04-07T13:08:13.969102,2026-03-27T13:08:13.969104
ad2b968a1c721bba,54,Davao City,1,76.35,Groceries|Healthcare|Transportation,80.3,815,Debit Card|Cash-in,2026-03-18T13:08:13.969159,2024-01-02T13:08:13.969163,2026-03-27T13:08:13.969164
7aa838623a483328,52,Cebu City,1,138.02,Groceries|Healthcare|Transportation,152.26,638,Cash-in|Debit Card,2026-02-26T13:08:13.969198,2024-06-27T13:08:13.969201,2026-03-27T13:08:13.969201
e2f871c05e776146,41,Iloilo City,2,192.72,Transportation|Groceries|Healthcare,383.5,752,Debit Card|Cash-in,2026-03-22T13:08:13.969275,2024-03-05T13:08:13.969277,2026-03-27T13:08:13.969278
c809690fff9cf103,40,Cebu City,4,195.51,Healthcare|Groceries|Transportation,934.25,643,Debit Card|Cash-in,2026-03-16T13:08:13.969303,2024-06-22T13:08:13.969305,2026-03-27T13:08:13.969306
ee747e675c5cfd2e,56,Cebu City,1,80.27,Groceries|Transportation|Healthcare,76.37,726,Debit Card|Cash-in,2026-02-27T13:08:13.969331,2024-03-31T13:08:13.969333,2026-03-27T13:08:13.969334
eca5cb0fe9f6350d,46,Cebu City,1,150.54,Healthcare|Transportation|Groceries,174.6,318,Cash-in|Debit Card,2026-02-26T13:08:13.969357,2025-05-13T13:08:13.969360,2026-03-27T13:08:13.969360
0df71691cddad116,51,Cebu City,4,184.29,Healthcare|Transportation|Groceries,835.43,435,Debit Card|Cash-in,2026-03-21T13:08:13.969382,2025-01-16T13:08:13.969384,2026-03-27T13:08:13.969385
cd3be41deff49e86,40,Cebu City,2,89.02,Groceries|Healthcare|Transportation,211.18,155,Cash-in|Debit Card,2026-02-28T13:08:13.969406,2025-10-23T13:08:13.969408,2026-03-27T13:08:13.969409
373afa41c42e1bff,54,Cebu City,2,149.24,Groceries|Transportation|Healthcare,241.42,335,Cash-in|Debit Card,2026-03-24T13:08:13.969430,2025-04-26T13:08:13.969432,2026-03-27T13:08:13.969438
b68481a69ac2b7a8,54,Iloilo City,2,146.12,Transportation|Healthcare|Groceries,282.42,845,Debit Card|Cash-in,2026-03-08T13:08:13.969744,2023-12-03T13:08:13.969761,2026-03-27T13:08:13.969763
f36f93e8e41370a1,47,Cebu City,4,142.03,Groceries|Healthcare|Transportation,624.68,487,Cash-in|Debit Card,2026-03-03T13:08:13.969926,2024-11-25T13:08:13.969946,2026-03-27T13:08:13.969949
c913923572c1542b,44,Davao City,1,103.65,Transportation|Healthcare|Groceries,96.93,856,Cash-in|Debit Card,2026-02-26T13:08:13.970181,2023-11-22T13:08:13.970232,2026-03-27T13:08:13.970235
159e5c0026db3b98,50,Iloilo City,3,66.52,Groceries|Transportation|Healthcare,167.96,772,Cash-in|Debit Card,2026-03-23T13:08:13.970325,2024-02-14T13:08:13.970332,2026-03-27T13:08:13.970335
b45a417b4c3a8c50,43,Iloilo City,1,61.33,Groceries|Transportation|Healthcare,60.67,1008,Debit Card|Cash-in,2026-03-17T13:08:13.970403,2023-06-23T13:08:13.970410,2026-03-27T13:08:13.970434
40b4c605e0be4218,54,Cebu City,4,158.69,Transportation|Healthcare|Groceries,623.86,647,Debit Card|Cash-in,2026-03-23T13:08:13.970502,2024-06-18T13:08:13.970505,2026-03-27T13:08:13.970506
f880ae20467a47ee,45,Davao City,2,186.64,Healthcare|Transportation|Groceries,385.2,397,Debit Card|Cash-in,2026-03-25T13:08:13.970532,2025-02-23T13:08:13.970535,2026-03-27T13:08:13.970536
329b413445fea437,59,Davao City,4,102.32,Groceries|Transportation|Healthcare,378.76,576,Cash-in|Debit Card,2026-02-26T13:08:13.970578,2024-08-28T13:08:13.970599,2026-03-27T13:08:13.970602
dfa9892b37e9bcbe,58,Bacolod,4,87.72,Groceries|Transportation|Healthcare,357.76,680,Cash-in|Debit Card,2026-03-22T13:08:13.970737,2024-05-16T13:08:13.970744,2026-03-27T13:08:13.970746
fb00c71b44d0d803,40,Cebu City,3,123.27,Groceries|Transportation|Healthcare,392.62,370,Cash-in|Debit Card,2026-03-07T13:08:13.970820,2025-03-22T13:08:13.970828,2026-03-27T13:08:13.970830
97c464296fd34497,53,Cebu City,3,112.66,Transportation|Groceries|Healthcare,280.89,709,Debit Card|Cash-in,2026-03-11T13:08:13.970910,2024-04-17T13:08:13.970916,2026-03-27T13:08:13.970918
a4fb841022efaa24,45,Cebu City,3,77.01,Transportation|Groceries|Healthcare,231.19,925,Cash-in|Debit Card,2026-03-03T13:08:13.970982,2023-09-14T13:08:13.970992,2026-03-27T13:08:13.970994
0e78f3cd63562477,58,Cebu City,3,190.16,Healthcare|Groceries|Transportation,649.66,903,Debit Card|Cash-in,2026-03-05T13:08:13.971063,2023-10-06T13:08:13.971069,2026-03-27T13:08:13.971071
6b03f57e18c56543,56,Cebu City,2,124.42,Groceries|Healthcare|Transportation,247.14,41,Cash-in|Debit Card,2026-03-19T13:08:13.971164,2026-02-14T13:08:13.971168,2026-03-27T13:08:13.971169
d34dc016bacfd1eb,47,Davao City,3,64.89,Transportation|Healthcare|Groceries,188.59,671,Cash-in|Debit Card,2026-03-10T13:08:13.971200,2024-05-25T13:08:13.971202,2026-03-27T13:08:13.971203
5f76d74166ba0909,41,Cebu City,4,116.78,Groceries|Healthcare|Transportation,400.44,490,Debit Card|Cash-in,2026-03-19T13:08:13.971227,2024-11-22T13:08:13.971230,2026-03-27T13:08:13.971231
cb57685e9c8f801d,45,Cebu City,2,71.54,Transportation|Groceries|Healthcare,148.1,525,Cash-in|Debit Card,2026-03-25T13:08:13.971254,2024-10-18T13:08:13.971256,2026-03-27T13:08:13.971257
fc14768e090d0509,46,Cebu City,2,159.26,Healthcare|Groceries|Transportation,301.77,583,Debit Card|Cash-in,2026-03-10T13:08:13.971279,2024-08-21T13:08:13.971281,2026-03-27T13:08:13.971282
288b1b7efa86bf62,56,Iloilo City,3,110.82,Healthcare|Transportation|Groceries,314.27,920,Debit Card|Cash-in,2026-02-27T13:08:13.971303,2023-09-19T13:08:13.971305,2026-03-27T13:08:13.971306
eb4e3442d5fd476f,51,Iloilo City,2,105.52,Healthcare|Groceries|Transportation,181.03,718,Cash-in|Debit Card,2026-03-04T13:08:13.971348,2024-04-08T13:08:13.971351,2026-03-27T13:08:13.971352
1657dec8453010e4,39,BGC,92,21818.73,Wholesale|Business|Shopping,2277568.87,200,Bank Transfer|Credit Card,2026-03-06T13:08:13.971377,2025-09-08T13:08:13.971379,2026-03-27T13:08:13.971380
728bf4165d758f43,47,Makati,110,41021.32,Business|Shopping|Wholesale,3737574.42,748,Credit Card|Bank Transfer,2026-03-08T13:08:13.971402,2024-03-09T13:08:13.971405,2026-03-27T13:08:13.971405
93760bf2144dd83c,31,BGC,145,31632.55,Wholesale|Business|Shopping,5455301.26,706,Bank Transfer|Credit Card,2026-03-17T13:08:13.971425,2024-04-20T13:08:13.971427,2026-03-27T13:08:13.971428
ff1eb2e0a0e65092,37,BGC,138,20946.44,Business|Shopping|Wholesale,2392467.64,1065,Bank Transfer|Credit Card,2026-03-15T13:08:13.971449,2023-04-27T13:08:13.971451,2026-03-27T13:08:13.971452
e1b5f5e615c1155d,44,BGC,113,44993.37,Business|Shopping|Wholesale,6044109.41,871,Credit Card|Bank Transfer,2026-03-01T13:08:13.971472,2023-11-07T13:08:13.971474,2026-03-27T13:08:13.971474
e37d308bd69c4f7f,30,Makati,91,42101.16,Business|Shopping|Wholesale,4090376.47,1019,Credit Card|Bank Transfer,2026-03-07T13:08:13.971495,2023-06-12T13:08:13.971497,2026-03-27T13:08:13.971498
c29d717ab2e23f16,36,Makati,144,24124.64,Shopping|Business|Wholesale,3163701.73,580,Bank Transfer|Credit Card,2026-03-21T13:08:13.971517,2024-08-24T13:08:13.971519,2026-03-27T13:08:13.971520
82d68d849bc081d8,48,Makati,85,32547.66,Business|Shopping|Wholesale,3164184.16,962,Credit Card|Bank Transfer,2026-03-07T13:08:13.971540,2023-08-08T13:08:13.971542,2026-03-27T13:08:13.971543
c9879aee2d557797,49,Makati,130,22364.24,Wholesale|Shopping|Business,3196516.96,803,Credit Card|Bank Transfer,2026-03-02T13:08:13.971563,2024-01-14T13:08:13.971565,2026-03-27T13:08:13.971566
44329e27a08e96ee,32,BGC,141,48044.24,Wholesale|Shopping|Business,5712056.48,867,Credit Card|Bank Transfer,2026-03-25T13:08:13.971585,2023-11-11T13:08:13.971587,2026-03-27T13:08:13.971588
2e54ce27ade869b6,33,Quezon City,136,39003.76,Shopping|Wholesale|Business,6281581.13,624,Bank Transfer|Credit Card,2026-03-03T13:08:13.971610,2024-07-11T13:08:13.971612,2026-03-27T13:08:13.971613
33fdcc77c0794aa7,41,BGC,87,26439.57,Shopping|Business|Wholesale,2402906.62,176,Bank Transfer|Credit Card,2026-03-12T13:08:13.971633,2025-10-02T13:08:13.971635,2026-03-27T13:08:13.971636
e7d2b7494a05f8a7,44,Makati,119,44064.77,Wholesale|Business|Shopping,6255326.74,219,Bank Transfer|Credit Card,2026-03-10T13:08:13.971656,2025-08-20T13:08:13.971658,2026-03-27T13:08:13.971658
a09933afe37de934,44,Quezon City,140,38135.59,Business|Wholesale|Shopping,4513712.39,299,Bank Transfer|Credit Card,2026-03-14T13:08:13.971678,2025-06-01T13:08:13.971680,2026-03-27T13:08:13.971681
13434bbbb818609c,34,Makati,130,37651.8,Wholesale|Business|Shopping,4684171.51,695,Bank Transfer|Credit Card,2026-03-08T13:08:13.971700,2024-05-01T13:08:13.971702,2026-03-27T13:08:13.971702
52d2b6baec0bb70a,44,Makati,145,22253.94,Business|Shopping|Wholesale,3431582.03,317,Bank Transfer|Credit Card,2026-03-16T13:08:13.971722,2025-05-14T13:08:13.971724,2026-03-27T13:08:13.971724
21f7da9e886840cb,35,Makati,80,49432.78,Wholesale|Business|Shopping,4527749.15,912,Credit Card|Bank Transfer,2026-03-09T13:08:13.971744,2023-09-27T13:08:13.971746,2026-03-27T13:08:13.971747
10e7bedeace0f328,42,Quezon City,107,20411.66,Business|Shopping|Wholesale,2175410.55,739,Credit Card|Bank Transfer,2026-02-27T13:08:13.971766,2024-03-18T13:08:13.971768,2026-03-27T13:08:13.971769
99971cebf507e857,32,BGC,132,37357.74,Business|Wholesale|Shopping,5566842.75,1075,Credit Card|Bank Transfer,2026-02-27T13:08:13.971788,2023-04-17T13:08:13.971790,2026-03-27T13:08:13.971791
e49553412c01e132,33,Quezon City,121,22000.19,Business|Wholesale|Shopping,2929254.47,359,Bank Transfer|Credit Card,2026-03-27T13:08:13.971810,2025-04-02T13:08:13.971812,2026-03-27T13:08:13.971813
4ef7fbbb0f865433,33,BGC,142,29772.4,Shopping|Business|Wholesale,4327420.72,473,Bank Transfer|Credit Card,2026-03-17T13:08:13.971832,2024-12-09T13:08:13.971834,2026-03-27T13:08:13.971835
04707b4f838be1a9,45,BGC,106,37880.9,Business|Shopping|Wholesale,4043451.28,640,Credit Card|Bank Transfer,2026-03-26T13:08:13.971855,2024-06-25T13:08:13.971857,2026-03-27T13:08:13.971858
2e11c3080df787a7,48,Makati,106,22384.85,Wholesale|Business|Shopping,2764835.94,849,Credit Card|Bank Transfer,2026-03-06T13:08:13.971879,2023-11-29T13:08:13.971882,2026-03-27T13:08:13.971882
d4b93334be886d0a,45,BGC,101,33863.73,Wholesale|Shopping|Business,2990213.48,479,Bank Transfer|Credit Card,2026-03-05T13:08:13.971903,2024-12-03T13:08:13.971905,2026-03-27T13:08:13.971905
7d4d5a09ea32b76d,44,BGC,105,28490.64,Business|Shopping|Wholesale,2655673.66,665,Credit Card|Bank Transfer,2026-03-26T13:08:13.971925,2024-05-31T13:08:13.971927,2026-03-27T13:08:13.971928
574e75f2c0c37855,36,Quezon City,97,48490.8,Shopping|Wholesale|Business,5062474.42,248,Bank Transfer|Credit Card,2026-03-04T13:08:13.971947,2025-07-22T13:08:13.971949,2026-03-27T13:08:13.971950
6ecdc6f4b893ae44,42,BGC,139,49631.62,Wholesale|Business|Shopping,7773548.0,105,Credit Card|Bank Transfer,2026-03-20T13:08:13.971969,2025-12-12T13:08:13.971971,2026-03-27T13:08:13.971972
200b23b964baa45d,33,Makati,129,27549.14,Shopping|Wholesale|Business,4067919.34,545,Bank Transfer|Credit Card,2026-03-16T13:08:13.971992,2024-09-28T13:08:13.971994,2026-03-27T13:08:13.971995
39213b921c052e53,33,Makati,142,40974.45,Business|Wholesale|Shopping,6221381.81,977,Credit Card|Bank Transfer,2026-03-14T13:08:13.972014,2023-07-24T13:08:13.972016,2026-03-27T13:08:13.972017
ce4b6d0a179fa14a,31,Makati,131,32450.77,Business|Wholesale|Shopping,4441487.89,139,Credit Card|Bank Transfer,2026-03-23T13:08:13.972037,2025-11-08T13:08:13.972039,2026-03-27T13:08:13.972039
e0f1430cce538467,44,Makati,127,49686.26,Wholesale|Business|Shopping,6446682.75,957,Bank Transfer|Credit Card,2026-02-26T13:08:13.972059,2023-08-13T13:08:13.972061,2026-03-27T13:08:13.972062
ebf9c7e458008560,41,Makati,114,36804.62,Shopping|Business|Wholesale,4259580.79,111,Credit Card|Bank Transfer,2026-03-05T13:08:13.972081,2025-12-06T13:08:13.972083,2026-03-27T13:08:13.972084
57fee0a6b070681c,42,BGC,145,32853.79,Wholesale|Business|Shopping,5007250.44,779,Bank Transfer|Credit Card,2026-03-12T13:08:13.972104,2024-02-07T13:08:13.972106,2026-03-27T13:08:13.972107
d07711847ef6509b,40,Quezon City,113,40247.59,Business|Wholesale|Shopping,4962695.94,726,Credit Card|Bank Transfer,2026-03-17T13:08:13.972127,2024-03-31T13:08:13.972129,2026-03-27T13:08:13.972130
7ff093b2ede41bb4,32,Quezon City,137,31049.82,Wholesale|Business|Shopping,4003095.24,414,Credit Card|Bank Transfer,2026-03-10T13:08:13.972149,2025-02-06T13:08:13.972151,2026-03-27T13:08:13.972152
5db6668942a6bf0c,44,Quezon City,145,49091.52,Business|Shopping|Wholesale,6688375.38,680,Bank Transfer|Credit Card,2026-03-27T13:08:13.972171,2024-05-16T13:08:13.972173,2026-03-27T13:08:13.972174
f93bcba9a8a98811,31,BGC,131,24738.62,Shopping|Wholesale|Business,3760299.07,149,Bank Transfer|Credit Card,2026-03-14T13:08:13.972194,2025-10-29T13:08:13.972196,2026-03-27T13:08:13.972197
0de6d2c3ebe55bbc,46,BGC,87,20905.7,Business|Wholesale|Shopping,1707909.36,1081,Bank Transfer|Credit Card,2026-03-21T13:08:13.972217,2023-04-11T13:08:13.972219,2026-03-27T13:08:13.972219
ef6bc42e22e23b45,34,BGC,144,20224.05,Business|Wholesale|Shopping,3119565.5,853,Bank Transfer|Credit Card,2026-03-19T13:08:13.972239,2023-11-25T13:08:13.972242,2026-03-27T13:08:13.972243
206dced545eb2028,39,Makati,104,27998.11,Business|Wholesale|Shopping,2571997.8,290,Credit Card|Bank Transfer,2026-03-19T13:08:13.972262,2025-06-10T13:08:13.972264,2026-03-27T13:08:13.972265
e45aacfb91b394c0,44,Makati,114,46744.81,Shopping|Wholesale|Business,5130204.94,689,Credit Card|Bank Transfer,2026-03-23T13:08:13.972285,2024-05-07T13:08:13.972287,2026-03-27T13:08:13.972288
7512c34d6f2e9d98,43,Makati,110,33177.9,Business|Shopping|Wholesale,4309177.81,997,Credit Card|Bank Transfer,2026-03-26T13:08:13.972307,2023-07-04T13:08:13.972309,2026-03-27T13:08:13.972310
e49a41b14b2b0920,30,Quezon City,118,28192.04,Wholesale|Shopping|Business,3512265.5,281,Bank Transfer|Credit Card,2026-03-25T13:08:13.972329,2025-06-19T13:08:13.972331,2026-03-27T13:08:13.972332
5a7e9d6c83d1b297,35,Makati,144,33905.13,Business|Wholesale|Shopping,4676672.99,916,Credit Card|Bank Transfer,2026-02-28T13:08:13.972351,2023-09-23T13:08:13.972353,2026-03-27T13:08:13.972354
b8575b72146a5f2b,37,Quezon City,83,30944.48,Shopping|Wholesale|Business,2221170.59,438,Credit Card|Bank Transfer,2026-03-11T13:08:13.972373,2025-01-13T13:08:13.972375,2026-03-27T13:08:13.972376
6de907b50cfebf5a,45,Makati,98,20217.06,Wholesale|Shopping|Business,2075014.68,216,Credit Card|Bank Transfer,2026-03-01T13:08:13.972395,2025-08-23T13:08:13.972397,2026-03-27T13:08:13.972398
7be231bae3c2b6de,32,Makati,119,30770.48,Wholesale|Business|Shopping,4254954.13,843,Credit Card|Bank Transfer,2026-03-01T13:08:13.972417,2023-12-05T13:08:13.972419,2026-03-27T13:08:13.972420
6290ca9bfc09248c,32,Quezon City,126,23059.35,Business|Shopping|Wholesale,2663609.25,352,Bank Transfer|Credit Card,2026-03-27T13:08:13.972440,2025-04-09T13:08:13.972442,2026-03-27T13:08:13.972443
60d25fd0e2eceb55,33,Makati,101,35718.1,Shopping|Business|Wholesale,3935623.01,1086,Bank Transfer|Credit Card,2026-03-12T13:08:13.972463,2023-04-06T13:08:13.972465,2026-03-27T13:08:13.972466
cbba37745cc72493,30,Makati,88,38962.47,Wholesale|Shopping|Business,3950534.04,689,Bank Transfer|Credit Card,2026-02-26T13:08:13.972485,2024-05-07T13:08:13.972487,2026-03-27T13:08:13.972488
73fae76f877f1f41,21,Pasig,69,35.04,Entertainment|Dining|Gaming,2126.28,813,E-wallet Balance|Prepaid Card,2026-03-15T13:08:13.972509,2024-01-04T13:08:13.972511,2026-03-27T13:08:13.972512
5b170804b33a5e63,24,Pasig,53,58.62,Gaming|Dining|Entertainment,3200.38,547,Prepaid Card|E-wallet Balance,2026-03-25T13:08:13.972531,2024-09-26T13:08:13.972533,2026-03-27T13:08:13.972534
83b211e7c5d89774,20,Pasig,60,27.12,Entertainment|Gaming|Dining,1805.25,1029,E-wallet Balance|Prepaid Card,2026-03-20T13:08:13.972554,2023-06-02T13:08:13.972556,2026-03-27T13:08:13.972557
43613f34b080a44f,18,Manila,60,86.42,Entertainment|Dining|Gaming,4521.82,796,Prepaid Card|E-wallet Balance,2026-03-15T13:08:13.972576,2024-01-21T13:08:13.972578,2026-03-27T13:08:13.972578
ab2d80882195871f,21,Pasig,41,46.94,Dining|Entertainment|Gaming,1871.15,985,Prepaid Card|E-wallet Balance,2026-03-16T13:08:13.972598,2023-07-16T13:08:13.972600,2026-03-27T13:08:13.972601
279a84bdd69b5866,18,Pasig,66,47.25,Dining|Entertainment|Gaming,2973.0,677,E-wallet Balance|Prepaid Card,2026-03-04T13:08:13.972620,2024-05-19T13:08:13.972622,2026-03-27T13:08:13.972623
5b8106227899ea9c,18,Pasig,59,88.65,Gaming|Entertainment|Dining,4954.2,953,Prepaid Card|E-wallet Balance,2026-03-19T13:08:13.972642,2023-08-17T13:08:13.972644,2026-03-27T13:08:13.972645
acdaf321d3626941,21,Quezon City,59,56.1,Gaming|Dining|Entertainment,2922.6,794,Prepaid Card|E-wallet Balance,2026-03-10T13:08:13.972664,2024-01-23T13:08:13.972666,2026-03-27T13:08:13.972667
f534544e05ed3a5f,20,Manila,49,79.8,Gaming|Entertainment|Dining,3739.15,521,E-wallet Balance|Prepaid Card,2026-03-04T13:08:13.972686,2024-10-22T13:08:13.972688,2026-03-27T13:08:13.972689
90fc481d4153c725,18,Manila,61,21.62,Entertainment|Dining|Gaming,1410.83,1016,Prepaid Card|E-wallet Balance,2026-03-07T13:08:13.972709,2023-06-15T13:08:13.972711,2026-03-27T13:08:13.972711
0de93269e1c51c1d,20,Quezon City,47,81.17,Gaming|Entertainment|Dining,3703.61,337,Prepaid Card|E-wallet Balance,2026-03-22T13:08:13.972731,2025-04-24T13:08:13.972733,2026-03-27T13:08:13.972733
083d66ac4190fa00,22,Manila,67,52.99,Entertainment|Gaming|Dining,3878.46,513,E-wallet Balance|Prepaid Card,2026-02-27T13:08:13.972753,2024-10-30T13:08:13.972755,2026-03-27T13:08:13.972756
00c4b8094c40624c,18,Manila,46,27.32,Entertainment|Dining|Gaming,1111.33,715,Prepaid Card|E-wallet Balance,2026-03-12T13:08:13.972775,2024-04-11T13:08:13.972777,2026-03-27T13:08:13.972777
ddae394bc65611a9,20,Manila,40,91.62,Gaming|Dining|Entertainment,3842.53,931,Prepaid Card|E-wallet Balance,2026-03-01T13:08:13.972796,2023-09-08T13:08:13.972798,2026-03-27T13:08:13.972799
5d7c0e05682c2ee5,23,Quezon City,63,74.54,Gaming|Entertainment|Dining,4503.68,724,E-wallet Balance|Prepaid Card,2026-03-25T13:08:13.972818,2024-04-02T13:08:13.972820,2026-03-27T13:08:13.972821
b2a83a0a7ca9f5a9,20,Manila,59,68.71,Gaming|Dining|Entertainment,3416.39,310,E-wallet Balance|Prepaid Card,2026-02-26T13:08:13.972840,2025-05-21T13:08:13.972842,2026-03-27T13:08:13.972843
ae12e0669a1112e9,22,Quezon City,49,94.89,Entertainment|Gaming|Dining,4987.72,346,Prepaid Card|E-wallet Balance,2026-02-26T13:08:13.972862,2025-04-15T13:08:13.972864,2026-03-27T13:08:13.972865
fa488fcdb03f3f50,20,Quezon City,42,15.19,Entertainment|Dining|Gaming,637.13,877,E-wallet Balance|Prepaid Card,2026-03-22T13:08:13.972884,2023-11-01T13:08:13.972886,2026-03-27T13:08:13.972887
939097ecfceef035,22,Quezon City,51,84.9,Entertainment|Gaming|Dining,5032.78,56,E-wallet Balance|Prepaid Card,2026-03-03T13:08:13.972906,2026-01-30T13:08:13.972908,2026-03-27T13:08:13.972909
4a0a07e7c96ec7ee,21,Manila,56,29.24,Gaming|Entertainment|Dining,1828.21,100,Prepaid Card|E-wallet Balance,2026-03-21T13:08:13.972929,2025-12-17T13:08:13.972931,2026-03-27T13:08:13.972931
2c3f7465e064522e,18,Pasig,40,42.46,Entertainment|Gaming|Dining,1560.76,163,Prepaid Card|E-wallet Balance,2026-03-02T13:08:13.972953,2025-10-15T13:08:13.972955,2026-03-27T13:08:13.972956
6da394587b2e1c8d,18,Manila,44,47.83,Dining|Gaming|Entertainment,2401.15,529,Prepaid Card|E-wallet Balance,2026-02-26T13:08:13.972975,2024-10-14T13:08:13.972977,2026-03-27T13:08:13.972978
36762e35d40175b4,21,Pasig,61,42.49,Dining|Entertainment|Gaming,2593.09,159,Prepaid Card|E-wallet Balance,2026-03-14T13:08:13.972998,2025-10-19T13:08:13.973000,2026-03-27T13:08:13.973000
3f789e8292240176,20,Pasig,64,81.79,Dining|Gaming|Entertainment,5236.48,998,Prepaid Card|E-wallet Balance,2026-03-19T13:08:13.973019,2023-07-03T13:08:13.973021,2026-03-27T13:08:13.973022
35465804a4fc385c,23,Quezon City,45,64.22,Gaming|Entertainment|Dining,2495.99,706,Prepaid Card|E-wallet Balance,2026-02-26T13:08:13.973041,2024-04-20T13:08:13.973043,2026-03-27T13:08:13.973044
e7cf5a0c72142710,21,Manila,61,90.85,Gaming|Entertainment|Dining,5919.59,873,E-wallet Balance|Prepaid Card,2026-03-22T13:08:13.973063,2023-11-05T13:08:13.973065,2026-03-27T13:08:13.973066
1d83a7cec5b30422,24,Quezon City,41,40.46,Dining|Entertainment|Gaming,1805.58,821,E-wallet Balance|Prepaid Card,2026-03-07T13:08:13.973085,2023-12-27T13:08:13.973087,2026-03-27T13:08:13.973088
34a64cc6188abaa4,19,Pasig,52,35.95,Dining|Gaming|Entertainment,1884.23,899,E-wallet Balance|Prepaid Card,2026-02-28T13:08:13.973107,2023-10-10T13:08:13.973109,2026-03-27T13:08:13.973109
459280c105abf102,24,Manila,66,60.71,Dining|Entertainment|Gaming,3315.92,701,E-wallet Balance|Prepaid Card,2026-03-24T13:08:13.973129,2024-04-25T13:08:13.973131,2026-03-27T13:08:13.973131
eaa51146bc58fed1,20,Quezon City,40,66.36,Gaming|Entertainment|Dining,2229.96,686,E-wallet Balance|Prepaid Card,2026-03-23T13:08:13.973151,2024-05-10T13:08:13.973153,2026-03-27T13:08:13.973153
6f95b3852617d0da,22,Pasig,46,14.21,Dining|Entertainment|Gaming,759.12,769,E-wallet Balance|Prepaid Card,2026-03-09T13:08:13.973175,2024-02-17T13:08:13.973177,2026-03-27T13:08:13.973178
c2c61d95cbd581dc,24,Quezon City,59,92.98,Gaming|Dining|Entertainment,6471.72,279,Prepaid Card|E-wallet Balance,2026-03-07T13:08:13.973198,2025-06-21T13:08:13.973200,2026-03-27T13:08:13.973201
0af01f535f9fcbae,24,Quezon City,46,30.03,Gaming|Entertainment|Dining,1580.35,755,E-wallet Balance|Prepaid Card,2026-03-24T13:08:13.973220,2024-03-02T13:08:13.973222,2026-03-27T13:08:13.973223
baf55da392d5f8a7,22,Manila,53,62.23,Gaming|Entertainment|Dining,2757.7,706,E-wallet Balance|Prepaid Card,2026-03-21T13:08:13.973243,2024-04-20T13:08:13.973245,2026-03-27T13:08:13.973245
9e7fa0bbe4fa539f,19,Manila,40,79.68,Dining|Gaming|Entertainment,3096.19,83,Prepaid Card|E-wallet Balance,2026-03-27T13:08:13.973341,2026-01-03T13:08:13.973343,2026-03-27T13:08:13.973344
79673589bfec93ee,21,Quezon City,61,30.9,Dining|Gaming|Entertainment,1800.81,985,Prepaid Card|E-wallet Balance,2026-02-27T13:08:13.973364,2023-07-16T13:08:13.973366,2026-03-27T13:08:13.973367
013415ec89aae3f4,19,Quezon City,41,41.25,Entertainment|Dining|Gaming,1784.48,634,E-wallet Balance|Prepaid Card,2026-03-20T13:08:13.973386,2024-07-01T13:08:13.973388,2026-03-27T13:08:13.973389
055448542b3ceb14,21,Quezon City,67,57.12,Dining|Gaming|Entertainment,3785.8,999,Prepaid Card|E-wallet Balance,2026-03-12T13:08:13.973409,2023-07-02T13:08:13.973411,2026-03-27T13:08:13.973411
7d97de9fe4a53efe,22,Quezon City,49,94.23,Gaming|Entertainment|Dining,5281.93,949,Prepaid Card|E-wallet Balance,2026-02-26T13:08:13.973431,2023-08-21T13:08:13.973433,2026-03-27T13:08:13.973434
75ab91d70f713fbe,20,Pasig,60,61.01,Gaming|Dining|Entertainment,3406.54,827,E-wallet Balance|Prepaid Card,2026-03-16T13:08:13.973453,2023-12-21T13:08:13.973455,2026-03-27T13:08:13.973456
5475ec891bd2c228,21,Quezon City,40,79.21,Entertainment|Gaming|Dining,3163.26,749,Prepaid Card|E-wallet Balance,2026-03-09T13:08:13.973476,2024-03-08T13:08:13.973478,2026-03-27T13:08:13.973478
b8af2c29e518c3c3,22,Manila,45,74.27,Gaming|Entertainment|Dining,2995.19,998,Prepaid Card|E-wallet Balance,2026-03-06T13:08:13.973498,2023-07-03T13:08:13.973500,2026-03-27T13:08:13.973501
3e5089011c724d54,23,Quezon City,52,97.38,Gaming|Dining|Entertainment,5469.81,573,E-wallet Balance|Prepaid Card,2026-03-24T13:08:13.973520,2024-08-31T13:08:13.973522,2026-03-27T13:08:13.973523
2ea615e13d39f134,19,Quezon City,57,68.79,Dining|Gaming|Entertainment,3339.82,153,E-wallet Balance|Prepaid Card,2026-03-06T13:08:13.973542,2025-10-25T13:08:13.973544,2026-03-27T13:08:13.973545
d2b88b4ca2a9045a,21,Quezon City,51,56.1,Dining|Gaming|Entertainment,2578.67,309,Prepaid Card|E-wallet Balance,2026-02-28T13:08:13.973564,2025-05-22T13:08:13.973566,2026-03-27T13:08:13.973567
b85deae3fb9f6c5d,24,Quezon City,40,66.72,Entertainment|Gaming|Dining,2980.41,359,E-wallet Balance|Prepaid Card,2026-03-19T13:08:13.973587,2025-04-02T13:08:13.973589,2026-03-27T13:08:13.973589
a6a598fef7a3d92f,23,Manila,58,96.96,Gaming|Dining|Entertainment,6014.63,939,Prepaid Card|E-wallet Balance,2026-03-02T13:08:13.973609,2023-08-31T13:08:13.973611,2026-03-27T13:08:13.973611
451924d273226525,18,Quezon City,66,32.97,Dining|Entertainment|Gaming,2295.5,322,E-wallet Balance|Prepaid Card,2026-02-28T13:08:13.973634,2025-05-09T13:08:13.973637,2026-03-27T13:08:13.973638
52c897fe957da601,19,Manila,57,27.36,Gaming|Dining|Entertainment,1860.66,145,E-wallet Balance|Prepaid Card,2026-03-24T13:08:13.973660,2025-11-02T13:08:13.973662,2026-03-27T13:08:13.973663
af2a27717c0da8af,21,Manila,68,21.8,Entertainment|Dining|Gaming,1731.98,1026,E-wallet Balance|Prepaid Card,2026-03-05T13:08:13.973682,2023-06-05T13:08:13.973684,2026-03-27T13:08:13.973685
0587de19763776c9,18,Quezon City,42,302.16,Dining|Entertainment|Gaming,12792.7,9,Prepaid Card|E-wallet Balance,2026-03-04T13:08:13.973706,2023-05-25T13:08:13.973709,2026-03-27T13:08:13.973710
5cc045de4030746d,18,Quezon City,53,212.92,Gaming|Dining|Entertainment,10874.84,1,Prepaid Card|E-wallet Balance,2026-03-26T13:08:13.973731,2023-05-28T13:08:13.973733,2026-03-27T13:08:13.973734
b43a608872507c81,23,Manila,64,233.56,Dining|Entertainment|Gaming,17195.52,15,Prepaid Card|E-wallet Balance,2026-03-18T13:08:13.973754,2024-03-01T13:08:13.973756,2026-03-27T13:08:13.973757
5897fcfbadb8f92e,23,Manila,62,557.13,Dining|Gaming|Entertainment,37701.93,2,Prepaid Card|E-wallet Balance,2026-03-02T13:08:13.973776,2024-09-24T13:08:13.973778,2026-03-27T13:08:13.973779
d5e31c3a0a3d90a2,21,Quezon City,69,457.05,Dining|Entertainment|Gaming,26645.5,4,E-wallet Balance|Prepaid Card,2026-03-19T13:08:13.973799,2024-06-02T13:08:13.973801,2026-03-27T13:08:13.973802
1c09b1586f4cdeae,18,Manila,56,356.98,Entertainment|Gaming|Dining,18032.17,16,Prepaid Card|E-wallet Balance,2026-03-05T13:08:13.973821,2024-10-14T13:08:13.973823,2026-03-27T13:08:13.973824
fe7f7da309c4f2cb,19,Manila,63,352.88,Entertainment|Gaming|Dining,20787.77,18,Prepaid Card|E-wallet Balance,2026-03-24T13:08:13.973844,2025-06-29T13:08:13.973846,2026-03-27T13:08:13.973847
e84f091644ba28c5,22,Manila,47,292.06,Entertainment|Gaming|Dining,15399.89,19,Prepaid Card|E-wallet Balance,2026-03-20T13:08:13.973867,2025-10-10T13:08:13.973869,2026-03-27T13:08:13.973869
bd031ddf0a5471ef,22,Manila,56,214.26,Dining|Entertainment|Gaming,11726.64,19,E-wallet Balance|Prepaid Card,2026-03-18T13:08:13.973889,2025-09-14T13:08:13.973891,2026-03-27T13:08:13.973892
1315dab571d62a54,21,Pasig,51,226.11,Gaming|Entertainment|Dining,9789.11,12,Prepaid Card|E-wallet Balance,2026-03-07T13:08:13.973913,2024-02-22T13:08:13.973915,2026-03-27T13:08:13.973915
74d452aa260e5f93,21,Pasig,59,473.33,Dining|Gaming|Entertainment,26983.71,24,E-wallet Balance|Prepaid Card,2026-03-25T13:08:13.973935,2025-08-08T13:08:13.973937,2026-03-27T13:08:13.973938
a653eb4d07c28394,22,Quezon City,64,493.03,Dining|Gaming|Entertainment,28490.44,14,E-wallet Balance|Prepaid Card,2026-03-18T13:08:13.973958,2024-02-21T13:08:13.973960,2026-03-27T13:08:13.973961
3e42da186b04aa7a,23,Pasig,41,547.23,Gaming|Dining|Entertainment,23081.09,28,E-wallet Balance|Prepaid Card,2026-03-24T13:08:13.973980,2024-07-13T13:08:13.973982,2026-03-27T13:08:13.973983
4321abd8e92b19af,21,Pasig,40,332.79,Dining|Entertainment|Gaming,12347.87,19,Prepaid Card|E-wallet Balance,2026-03-22T13:08:13.974003,2026-02-03T13:08:13.974005,2026-03-27T13:08:13.974006
22e13be7c0f350c3,21,Quezon City,57,480.11,Dining|Gaming|Entertainment,23949.8,18,Prepaid Card|E-wallet Balance,2026-03-02T13:08:13.974026,2023-04-28T13:08:13.974028,2026-03-27T13:08:13.974029
070cae09038a2ff7,24,Quezon City,53,392.68,Entertainment|Gaming|Dining,17182.58,19,E-wallet Balance|Prepaid Card,2026-03-18T13:08:13.974049,2025-07-14T13:08:13.974051,2026-03-27T13:08:13.974051
5ae692ed33be2dc9,19,Manila,47,304.55,Entertainment|Gaming|Dining,12653.06,18,E-wallet Balance|Prepaid Card,2026-03-10T13:08:13.974071,2024-07-03T13:08:13.974073,2026-03-27T13:08:13.974074
a1097dc028a8fca4,20,Pasig,56,413.83,Dining|Entertainment|Gaming,27790.83,9,Prepaid Card|E-wallet Balance,2026-03-07T13:08:13.974093,2024-03-03T13:08:13.974095,2026-03-27T13:08:13.974096
e9b6e119b346ee98,18,Quezon City,46,479.9,Dining|Gaming|Entertainment,24304.35,21,E-wallet Balance|Prepaid Card,2026-03-04T13:08:13.974116,2024-01-28T13:08:13.974118,2026-03-27T13:08:13.974119
ee47cd5e512f88b2,19,Quezon City,43,456.91,Gaming|Entertainment|Dining,17594.32,21,E-wallet Balance|Prepaid Card,2026-03-13T13:08:13.974138,2024-10-07T13:08:13.974140,2026-03-27T13:08:13.974141
2422f95b7583d2e6,24,Quezon City,54,300.61,Gaming|Dining|Entertainment,15169.18,18,E-wallet Balance|Prepaid Card,2026-03-23T13:08:13.974161,2025-08-19T13:08:13.974163,2026-03-27T13:08:13.974163
3b4de62a9924eb70,23,Manila,52,277.97,Dining|Gaming|Entertainment,14341.45,15,E-wallet Balance|Prepaid Card,2026-03-06T13:08:13.974183,2024-06-16T13:08:13.974185,2026-03-27T13:08:13.974186
636a42a84589e413,24,Quezon City,43,217.04,Gaming|Dining|Entertainment,9947.83,14,Prepaid Card|E-wallet Balance,2026-03-27T13:08:13.974206,2023-09-14T13:08:13.974208,2026-03-27T13:08:13.974208
363161134954b13a,21,Quezon City,63,247.83,Gaming|Entertainment|Dining,17262.35,13,E-wallet Balance|Prepaid Card,2026-03-22T13:08:13.974228,2024-11-06T13:08:13.974230,2026-03-27T13:08:13.974231
c3749ce2e2a0575b,20,Pasig,51,523.15,Gaming|Dining|Entertainment,23807.67,2,Prepaid Card|E-wallet Balance,2026-03-13T13:08:13.974251,2025-05-06T13:08:13.974253,2026-03-27T13:08:13.974253
c3dab8f80a092c1e,18,Quezon City,65,487.44,Entertainment|Dining|Gaming,28717.33,7,E-wallet Balance|Prepaid Card,2026-03-12T13:08:13.974273,2025-06-18T13:08:13.974275,2026-03-27T13:08:13.974276
c7cc7cd708286dd3,19,Quezon City,51,426.66,Entertainment|Dining|Gaming,22462.71,4,E-wallet Balance|Prepaid Card,2026-02-26T13:08:13.974295,2024-04-29T13:08:13.974297,2026-03-27T13:08:13.974298
362b9e932144df2a,24,Quezon City,53,483.02,Dining|Gaming|Entertainment,21125.88,5,E-wallet Balance|Prepaid Card,2026-03-19T13:08:13.974318,2025-05-21T13:08:13.974320,2026-03-27T13:08:13.974321
dd66b1b73b774fd1,19,Quezon City,57,547.05,Entertainment|Gaming|Dining,35594.69,26,Prepaid Card|E-wallet Balance,2026-03-04T13:08:13.974341,2025-10-16T13:08:13.974343,2026-03-27T13:08:13.974343
819f2ffee55b46fe,18,Manila,66,328.73,Dining|Entertainment|Gaming,20903.26,15,E-wallet Balance|Prepaid Card,2026-03-10T13:08:13.974363,2025-07-25T13:08:13.974365,2026-03-27T13:08:13.974366
55ba58788d9f5057,19,Quezon City,53,261.61,Dining|Gaming|Entertainment,13548.91,7,Prepaid Card|E-wallet Balance,2026-02-26T13:08:13.974385,2023-08-17T13:08:13.974387,2026-03-27T13:08:13.974388
2ba911ee5cee51e1,20,Manila,53,320.0,Gaming|Dining|Entertainment,19450.51,23,E-wallet Balance|Prepaid Card,2026-03-05T13:08:13.974411,2024-06-13T13:08:13.974413,2026-03-27T13:08:13.974414
9f8468c3f32c2828,21,Quezon City,47,403.21,Entertainment|Dining|Gaming,20110.56,3,E-wallet Balance|Prepaid Card,2026-03-16T13:08:13.974433,2024-10-14T13:08:13.974435,2026-03-27T13:08:13.974436
0688259a73382a79,20,Pasig,40,310.9,Dining|Gaming|Entertainment,10436.14,10,E-wallet Balance|Prepaid Card,2026-03-04T13:08:13.974459,2024-11-13T13:08:13.974461,2026-03-27T13:08:13.974462
ae26462c19dc8891,22,Pasig,55,254.36,Entertainment|Gaming|Dining,16783.71,26,E-wallet Balance|Prepaid Card,2026-03-08T13:08:13.974483,2025-06-26T13:08:13.974486,2026-03-27T13:08:13.974487
a9b693ab58f1102f,24,Manila,61,382.16,Dining|Gaming|Entertainment,21156.15,16,Prepaid Card|E-wallet Balance,2026-02-26T13:08:13.974508,2024-04-19T13:08:13.974510,2026-03-27T13:08:13.974511
258a68944fb9a921,21,Pasig,67,306.41,Gaming|Dining|Entertainment,20300.05,15,Prepaid Card|E-wallet Balance,2026-03-20T13:08:13.974531,2025-12-08T13:08:13.974532,2026-03-27T13:08:13.974533
d4c300323eb837d1,24,Manila,50,450.2,Dining|Gaming|Entertainment,22661.58,4,Prepaid Card|E-wallet Balance,2026-02-26T13:08:13.974554,2023-10-22T13:08:13.974556,2026-03-27T13:08:13.974556
f6d94b21249a2d70,18,Quezon City,58,330.08,Dining|Entertainment|Gaming,20040.87,24,E-wallet Balance|Prepaid Card,2026-03-16T13:08:13.974576,2025-01-23T13:08:13.974578,2026-03-27T13:08:13.974578
3015cfff407b2eff,19,Manila,40,499.81,Dining|Gaming|Entertainment,23727.06,14,E-wallet Balance|Prepaid Card,2026-03-08T13:08:13.974598,2023-08-19T13:08:13.974600,2026-03-27T13:08:13.974600
9350d49bdc246297,22,Quezon City,64,421.72,Dining|Entertainment|Gaming,23253.21,22,E-wallet Balance|Prepaid Card,2026-03-08T13:08:13.974620,2023-09-27T13:08:13.974622,2026-03-27T13:08:13.974622
b68158b847b3f9a5,20,Quezon City,51,248.86,Dining|Gaming|Entertainment,14136.93,25,Prepaid Card|E-wallet Balance,2026-03-14T13:08:13.974642,2025-12-25T13:08:13.974644,2026-03-27T13:08:13.974644
d494f39b00986e97,21,Manila,68,383.36,Entertainment|Dining|Gaming,27397.78,8,Prepaid Card|E-wallet Balance,2026-02-28T13:08:13.974664,2025-08-09T13:08:13.974666,2026-03-27T13:08:13.974666
6374732b392649f8,18,Quezon City,56,271.24,Dining|Gaming|Entertainment,14657.77,25,Prepaid Card|E-wallet Balance,2026-03-20T13:08:13.974686,2025-02-19T13:08:13.974688,2026-03-27T13:08:13.974688
e724c83c0bfa66b2,21,Manila,54,285.38,Entertainment|Dining|Gaming,16507.56,4,Prepaid Card|E-wallet Balance,2026-03-17T13:08:13.974708,2023-12-13T13:08:13.974710,2026-03-27T13:08:13.974710
f8ef7b24336a9ce5,21,Manila,42,460.54,Entertainment|Dining|Gaming,22954.37,8,E-wallet Balance|Prepaid Card,2026-03-02T13:08:13.974730,2023-03-30T13:08:13.974732,2026-03-27T13:08:13.974732
e4a1ae8a9579afdc,19,Pasig,58,422.32,Entertainment|Gaming|Dining,28616.67,2,Prepaid Card|E-wallet Balance,2026-03-09T13:08:13.974752,2023-10-26T13:08:13.974754,2026-03-27T13:08:13.974754
f0a91651ad1fb182,24,Quezon City,46,223.68,Dining|Gaming|Entertainment,8431.38,17,E-wallet Balance|Prepaid Card,2026-02-28T13:08:13.974774,2026-01-12T13:08:13.974776,2026-03-27T13:08:13.974777
a3fed3df1a24f49c,19,Manila,60,469.78,Entertainment|Dining|Gaming,27405.68,23,E-wallet Balance|Prepaid Card,2026-03-10T13:08:13.974797,2023-08-18T13:08:13.974799,2026-03-27T13:08:13.974800
0fc57205db967c14,22,Quezon City,64,436.02,Dining|Entertainment|Gaming,33396.97,22,E-wallet Balance|Prepaid Card,2026-03-07T13:08:13.974819,2024-10-12T13:08:13.974821,2026-03-27T13:08:13.974822
a5582444bc25e77c,31,Makati,66,2362.6,Dining|Entertainment|Shopping,173804.55,1033,E-wallet Balance|Credit Card,2026-03-09T13:08:13.974843,2023-06-13T13:08:13.974845,2026-03-27T13:08:13.974846
e95d5d061e247b56,30,Makati,57,4410.85,Dining|Shopping|Entertainment,248652.75,1051,Credit Card|E-wallet Balance,2026-03-05T13:08:13.974866,2026-02-24T13:08:13.974868,2026-03-27T13:08:13.974869
77ab85e064dfdc4d,32,Makati,99,3736.57,Shopping|Dining|Entertainment,400935.13,1061,Credit Card|E-wallet Balance,2026-03-25T13:08:13.974889,2025-07-18T13:08:13.974891,2026-03-27T13:08:13.974892
fbb0af0aceae253d,30,Makati,99,3059.38,Shopping|Entertainment|Dining,287470.91,1066,Credit Card|E-wallet Balance,2026-03-11T13:08:13.974913,2025-11-12T13:08:13.974915,2026-03-27T13:08:13.974915
de12f3f119231d76,41,BGC,64,2037.17,Entertainment|Dining|Shopping,105247.73,1040,Credit Card|E-wallet Balance,2026-03-24T13:08:13.974936,2023-08-16T13:08:13.974938,2026-03-27T13:08:13.974939
95474176032eb90b,44,BGC,85,4796.08,Entertainment|Shopping|Dining,408705.78,1088,Credit Card|E-wallet Balance,2026-03-27T13:08:13.974964,2025-09-23T13:08:13.974966,2026-03-27T13:08:13.974967
7c57da7f432e508e,39,Makati,91,4467.11,Dining|Entertainment|Shopping,428507.64,1078,E-wallet Balance|Credit Card,2026-03-21T13:08:13.974990,2023-09-30T13:08:13.974992,2026-03-27T13:08:13.974993
372245cb86ce8761,40,Makati,82,3775.35,Entertainment|Dining|Shopping,368179.21,1049,Credit Card|E-wallet Balance,2026-02-26T13:08:13.975017,2026-01-15T13:08:13.975020,2026-03-27T13:08:13.975020
598324c52c2282c2,37,Makati,77,4223.53,Entertainment|Shopping|Dining,374680.34,1060,E-wallet Balance|Credit Card,2026-03-16T13:08:13.975040,2025-06-17T13:08:13.975042,2026-03-27T13:08:13.975043
d8f869c759c642e6,44,Taguig,90,2964.71,Dining|Shopping|Entertainment,289044.02,1024,E-wallet Balance|Credit Card,2026-03-13T13:08:13.975066,2024-03-19T13:08:13.975068,2026-03-27T13:08:13.975069
90ee00206c8826bf,39,Makati,83,2542.7,Entertainment|Shopping|Dining,200861.85,1020,E-wallet Balance|Credit Card,2026-02-28T13:08:13.975090,2025-11-08T13:08:13.975092,2026-03-27T13:08:13.975093
8332d2a0636e8c3c,32,Makati,90,3817.69,Entertainment|Dining|Shopping,379522.33,1069,Credit Card|E-wallet Balance,2026-03-13T13:08:13.975113,2024-03-08T13:08:13.975115,2026-03-27T13:08:13.975116
2871886f4483fde3,32,Taguig,99,4777.71,Entertainment|Shopping|Dining,492017.76,1006,E-wallet Balance|Credit Card,2026-03-26T13:08:13.975135,2023-08-18T13:08:13.975137,2026-03-27T13:08:13.975138
dfcfe6e787e913b1,36,Taguig,96,2274.14,Entertainment|Dining|Shopping,185672.08,1055,E-wallet Balance|Credit Card,2026-03-09T13:08:13.975157,2024-11-28T13:08:13.975159,2026-03-27T13:08:13.975160
52aabb21138e3277,32,BGC,62,4623.41,Shopping|Dining|Entertainment,234699.2,1017,Credit Card|E-wallet Balance,2026-03-17T13:08:13.975180,2025-05-19T13:08:13.975182,2026-03-27T13:08:13.975182
1cf166f9f9e696d6,41,Makati,87,2425.17,Dining|Entertainment|Shopping,237083.91,1017,E-wallet Balance|Credit Card,2026-03-25T13:08:13.975202,2025-08-08T13:08:13.975204,2026-03-27T13:08:13.975205
11d4f01cb77e91ba,30,BGC,60,2050.26,Shopping|Dining|Entertainment,101236.57,1076,E-wallet Balance|Credit Card,2026-03-05T13:08:13.975224,2023-07-26T13:08:13.975226,2026-03-27T13:08:13.975227
030912c835cac6cf,35,Makati,58,2820.93,Dining|Shopping|Entertainment,191672.31,1020,Credit Card|E-wallet Balance,2026-02-26T13:08:13.975247,2023-04-06T13:08:13.975249,2026-03-27T13:08:13.975249
18bffce8f969998c,35,BGC,54,4860.98,Entertainment|Shopping|Dining,268573.67,1051,Credit Card|E-wallet Balance,2026-03-06T13:08:13.975269,2023-11-08T13:08:13.975271,2026-03-27T13:08:13.975271
e38912492b613f4e,31,BGC,94,3032.45,Dining|Shopping|Entertainment,293348.25,1018,E-wallet Balance|Credit Card,2026-03-22T13:08:13.975291,2024-03-08T13:08:13.975293,2026-03-27T13:08:13.975294
178aeff730d9a543,36,BGC,98,3256.89,Dining|Shopping|Entertainment,368598.46,1024,E-wallet Balance|Credit Card,2026-03-06T13:08:13.975313,2025-02-15T13:08:13.975315,2026-03-27T13:08:13.975316
af6a611dd3119df6,37,BGC,60,2331.72,Dining|Entertainment|Shopping,125710.76,1087,E-wallet Balance|Credit Card,2026-03-13T13:08:13.975336,2025-11-29T13:08:13.975338,2026-03-27T13:08:13.975338
c46336ed0816f37b,40,Makati,83,3612.6,Entertainment|Dining|Shopping,300225.48,1061,Credit Card|E-wallet Balance,2026-03-12T13:08:13.975358,2025-05-10T13:08:13.975360,2026-03-27T13:08:13.975360
bd84bf2e0504220d,40,BGC,74,2112.52,Shopping|Dining|Entertainment,161482.17,1089,E-wallet Balance|Credit Card,2026-03-08T13:08:13.975380,2023-05-31T13:08:13.975382,2026-03-27T13:08:13.975383
4d2b3fdabc1baa98,38,Taguig,76,3872.57,Shopping|Dining|Entertainment,237121.4,1046,E-wallet Balance|Credit Card,2026-03-15T13:08:13.975402,2026-01-09T13:08:13.975404,2026-03-27T13:08:13.975405
5d05ff0435a669cb,33,BGC,71,2940.25,Dining|Shopping|Entertainment,199872.45,1003,E-wallet Balance|Credit Card,2026-02-27T13:08:13.975427,2024-08-13T13:08:13.975430,2026-03-27T13:08:13.975430
edf75d6f9ac63078,34,BGC,75,2083.75,Dining|Shopping|Entertainment,161475.04,1005,Credit Card|E-wallet Balance,2026-03-14T13:08:13.975451,2025-04-04T13:08:13.975454,2026-03-27T13:08:13.975455
187f6c7307982247,43,Makati,83,2085.0,Dining|Entertainment|Shopping,169082.0,1060,E-wallet Balance|Credit Card,2026-03-16T13:08:13.975475,2024-11-08T13:08:13.975477,2026-03-27T13:08:13.975478
75d027c1b3d6aa08,32,Makati,80,2511.58,Shopping|Entertainment|Dining,205459.96,1056,E-wallet Balance|Credit Card,2026-02-27T13:08:13.975498,2024-12-09T13:08:13.975500,2026-03-27T13:08:13.975501
4f8ec6129ed05f06,37,Taguig,98,2854.46,Dining|Entertainment|Shopping,327295.34,1021,E-wallet Balance|Credit Card,2026-03-21T13:08:13.975521,2024-07-08T13:08:13.975523,2026-03-27T13:08:13.975523
7ec9df2ea677f83a,36,Makati,80,2235.98,Entertainment|Dining|Shopping,147045.14,1066,E-wallet Balance|Credit Card,2026-03-11T13:08:13.975543,2025-03-15T13:08:13.975545,2026-03-27T13:08:13.975545
6557a30901889345,42,BGC,96,3046.59,Entertainment|Dining|Shopping,319501.42,1063,E-wallet Balance|Credit Card,2026-03-27T13:08:13.975565,2024-02-28T13:08:13.975567,2026-03-27T13:08:13.975568
4b3c40f0617cf4ca,40,BGC,90,3896.68,Entertainment|Dining|Shopping,368443.14,1082,Credit Card|E-wallet Balance,2026-03-14T13:08:13.975588,2023-06-10T13:08:13.975590,2026-03-27T13:08:13.975590
48c5ccaaed03ebf6,35,BGC,99,4130.69,Shopping|Dining|Entertainment,429341.26,1043,E-wallet Balance|Credit Card,2026-03-10T13:08:13.975611,2023-08-13T13:08:13.975613,2026-03-27T13:08:13.975613
fe3131529612f94a,35,Makati,74,2161.77,Entertainment|Shopping|Dining,188367.57,1032,Credit Card|E-wallet Balance,2026-03-15T13:08:13.975633,2023-04-28T13:08:13.975635,2026-03-27T13:08:13.975636
30b85f289b2e73c1,37,Makati,71,4821.98,Shopping|Entertainment|Dining,393754.33,1038,E-wallet Balance|Credit Card,2026-03-20T13:08:13.975656,2023-07-02T13:08:13.975658,2026-03-27T13:08:13.975659
f4ab20d9a3a4c6f8,44,Makati,53,3325.4,Shopping|Entertainment|Dining,170210.27,1094,E-wallet Balance|Credit Card,2026-03-09T13:08:13.975679,2024-07-12T13:08:13.975681,2026-03-27T13:08:13.975681
b625ece05aa106b2,42,BGC,91,2996.87,Entertainment|Shopping|Dining,236937.41,1005,E-wallet Balance|Credit Card,2026-03-16T13:08:13.975701,2024-02-12T13:08:13.975703,2026-03-27T13:08:13.975704
f88967037504e6db,33,BGC,85,3473.12,Dining|Shopping|Entertainment,285147.65,1081,Credit Card|E-wallet Balance,2026-03-19T13:08:13.975723,2025-09-14T13:08:13.975725,2026-03-27T13:08:13.975726
95d21ab6b7844806,41,BGC,52,4809.19,Dining|Entertainment|Shopping,294381.12,1020,Credit Card|E-wallet Balance,2026-03-18T13:08:13.975745,2025-09-13T13:08:13.975747,2026-03-27T13:08:13.975748
1f3768ae78a4b154,38,Makati,50,3302.16,Shopping|Entertainment|Dining,145043.41,1039,E-wallet Balance|Credit Card,2026-03-16T13:08:13.975768,2024-02-22T13:08:13.975770,2026-03-27T13:08:13.975770
1c8fa4fc988707b8,38,Makati,96,3022.75,Shopping|Dining|Entertainment,292269.98,1039,Credit Card|E-wallet Balance,2026-03-12T13:08:13.975790,2025-03-31T13:08:13.975792,2026-03-27T13:08:13.975793
881c32cb908eb33a,41,Makati,72,4132.42,Dining|Entertainment|Shopping,259351.68,1019,Credit Card|E-wallet Balance,2026-03-08T13:08:13.975812,2025-01-16T13:08:13.975814,2026-03-27T13:08:13.975815
386fd931b572fe4f,36,BGC,82,2361.39,Entertainment|Shopping|Dining,169924.92,1044,E-wallet Balance|Credit Card,2026-03-21T13:08:13.975835,2024-10-22T13:08:13.975837,2026-03-27T13:08:13.975838
b20ce29f2689ca2b,30,Taguig,75,2615.97,Shopping|Dining|Entertainment,166837.34,1092,Credit Card|E-wallet Balance,2026-03-20T13:08:13.975858,2023-12-03T13:08:13.975860,2026-03-27T13:08:13.975860
90caef3398169470,34,BGC,91,3919.02,Entertainment|Dining|Shopping,383132.81,1069,E-wallet Balance|Credit Card,2026-03-14T13:08:13.975880,2023-10-18T13:08:13.975882,2026-03-27T13:08:13.975883
6cddd3f580a4693f,34,Taguig,84,2221.4,Dining|Shopping|Entertainment,216434.44,1026,Credit Card|E-wallet Balance,2026-03-22T13:08:13.975904,2024-07-08T13:08:13.975906,2026-03-27T13:08:13.975907
3a9d55336f910bfd,36,Taguig,73,3497.31,Shopping|Entertainment|Dining,241475.28,1081,Credit Card|E-wallet Balance,2026-03-27T13:08:13.975927,2023-11-15T13:08:13.975929,2026-03-27T13:08:13.975930
76c8077ab1673b9e,40,BGC,61,2561.93,Dining|Entertainment|Shopping,156752.27,1091,E-wallet Balance|Credit Card,2026-03-23T13:08:13.975949,2025-04-28T13:08:13.975951,2026-03-27T13:08:13.975952
2b25f8e4f1179117,40,Taguig,58,2606.55,Dining|Entertainment|Shopping,173843.86,1027,E-wallet Balance|Credit Card,2026-03-04T13:08:13.975972,2024-10-16T13:08:13.975974,2026-03-27T13:08:13.975974
d393e833c93a5543,40,Muntinlupa,14,1715.8,Insurance,19352.84,991,E-wallet Balance|Bank Transfer,2026-03-07T13:08:13.975996,2023-07-10T13:08:13.975998,2026-03-27T13:08:13.975999
051ee069d1928efb,51,Muntinlupa,19,1797.44,Utilities,35731.93,963,Bank Transfer|E-wallet Balance,2026-03-20T13:08:13.976020,2023-08-07T13:08:13.976022,2026-03-27T13:08:13.976023
1453ea835ba1d0d6,49,Manila,10,2202.88,Insurance,23599.37,447,Bank Transfer|E-wallet Balance,2026-03-03T13:08:13.976042,2025-01-04T13:08:13.976044,2026-03-27T13:08:13.976044
bb0c9051de5096c4,48,Las Pinas,17,2600.44,Utilities,36392.47,1094,E-wallet Balance|Bank Transfer,2026-03-26T13:08:13.976063,2023-03-29T13:08:13.976065,2026-03-27T13:08:13.976066
ddf50bac78af9fbc,48,Manila,14,1907.45,Healthcare,25761.97,388,E-wallet Balance|Bank Transfer,2026-03-24T13:08:13.976085,2025-03-04T13:08:13.976087,2026-03-27T13:08:13.976088
5dd0678ed0c1ba9a,52,Muntinlupa,19,2050.4,Healthcare,32238.81,818,Bank Transfer|E-wallet Balance,2026-03-12T13:08:13.976108,2023-12-30T13:08:13.976110,2026-03-27T13:08:13.976111
926e7fefdc3440af,38,Las Pinas,11,1631.17,Healthcare,19921.51,190,E-wallet Balance|Bank Transfer,2026-03-16T13:08:13.976130,2025-09-18T13:08:13.976132,2026-03-27T13:08:13.976132
264c0fc9058ea8e0,37,Muntinlupa,12,2407.83,Insurance,26826.09,349,E-wallet Balance|Bank Transfer,2026-02-27T13:08:13.976152,2025-04-12T13:08:13.976154,2026-03-27T13:08:13.976154
8adb107fc3f0fd60,42,Muntinlupa,14,2712.19,Utilities,35379.51,435,E-wallet Balance|Bank Transfer,2026-03-09T13:08:13.976174,2025-01-16T13:08:13.976175,2026-03-27T13:08:13.976176
97c6beaa2996c9ca,54,Muntinlupa,18,1756.92,Healthcare,28774.74,212,Bank Transfer|E-wallet Balance,2026-03-12T13:08:13.976195,2025-08-27T13:08:13.976197,2026-03-27T13:08:13.976198
cc6323f1862ac9b4,45,Muntinlupa,13,1833.5,Utilities,25989.17,753,Bank Transfer|E-wallet Balance,2026-03-21T13:08:13.976222,2024-03-04T13:08:13.976225,2026-03-27T13:08:13.976226
bb2bdb53d8c4d740,43,Paranaque,15,2211.71,Utilities,34997.7,104,Bank Transfer|E-wallet Balance,2026-03-09T13:08:13.976245,2025-12-13T13:08:13.976247,2026-03-27T13:08:13.976248
072cbeb939b2f7f5,36,Muntinlupa,16,1872.47,Healthcare,25616.12,480,E-wallet Balance|Bank Transfer,2026-03-09T13:08:13.976267,2024-12-02T13:08:13.976269,2026-03-27T13:08:13.976270
c2c41b2a81ab4784,40,Manila,12,2681.35,Utilities,31623.41,711,E-wallet Balance|Bank Transfer,2026-03-10T13:08:13.976288,2024-04-15T13:08:13.976290,2026-03-27T13:08:13.976291
417bbbfb2f2f2977,52,Manila,18,2158.25,Insurance,34021.72,560,E-wallet Balance|Bank Transfer,2026-03-12T13:08:13.976310,2024-09-13T13:08:13.976312,2026-03-27T13:08:13.976313
d35efde30ac1d38b,54,Las Pinas,14,2437.85,Healthcare,38227.6,246,Bank Transfer|E-wallet Balance,2026-03-01T13:08:13.976331,2025-07-24T13:08:13.976333,2026-03-27T13:08:13.976334
36bf4d857788069c,48,Paranaque,13,2345.45,Utilities,26392.92,568,E-wallet Balance|Bank Transfer,2026-03-26T13:08:13.976353,2024-09-05T13:08:13.976355,2026-03-27T13:08:13.976356
2a8aead698f950d9,53,Las Pinas,19,2316.69,Utilities,48176.0,919,Bank Transfer|E-wallet Balance,2026-03-07T13:08:13.976375,2023-09-20T13:08:13.976377,2026-03-27T13:08:13.976378
b5424bb2b176e4b4,46,Manila,17,1834.65,Utilities,30780.38,257,E-wallet Balance|Bank Transfer,2026-03-19T13:08:13.976399,2025-07-13T13:08:13.976401,2026-03-27T13:08:13.976402
7f3b9b6124dd34d8,44,Muntinlupa,14,1581.39,Healthcare,22888.0,1087,Bank Transfer|E-wallet Balance,2026-03-01T13:08:13.976421,2023-04-05T13:08:13.976423,2026-03-27T13:08:13.976424
ca02be56c31ee446,50,Paranaque,12,1714.87,Healthcare,16520.28,77,Bank Transfer|E-wallet Balance,2026-03-01T13:08:13.976443,2026-01-09T13:08:13.976445,2026-03-27T13:08:13.976446
2a39992e4dff8259,41,Manila,16,1853.61,Insurance,31722.86,661,E-wallet Balance|Bank Transfer,2026-03-25T13:08:13.976466,2024-06-04T13:08:13.976468,2026-03-27T13:08:13.976468
1b35b0c9f045e02e,52,Las Pinas,18,2238.91,Healthcare,41428.34,321,Bank Transfer|E-wallet Balance,2026-02-27T13:08:13.976488,2025-05-10T13:08:13.976490,2026-03-27T13:08:13.976491
86fd002e04cc68f0,54,Las Pinas,18,1873.65,Healthcare,29696.69,178,E-wallet Balance|Bank Transfer,2026-03-26T13:08:13.976510,2025-09-30T13:08:13.976512,2026-03-27T13:08:13.976512
b931bcdacf7ad48d,46,Manila,14,2411.86,Healthcare,31656.54,360,E-wallet Balance|Bank Transfer,2026-03-20T13:08:13.976532,2025-04-01T13:08:13.976534,2026-03-27T13:08:13.976534
faea5ca90af00d8f,39,Paranaque,18,1584.68,Insurance,30400.9,693,E-wallet Balance|Bank Transfer,2026-03-22T13:08:13.976556,2024-05-03T13:08:13.976558,2026-03-27T13:08:13.976559
abda9701ba46b62c,37,Las Pinas,13,2493.27,Utilities,29239.05,58,E-wallet Balance|Bank Transfer,2026-03-08T13:08:13.976579,2026-01-28T13:08:13.976581,2026-03-27T13:08:13.976582
f734dacfa9c447b6,52,Paranaque,12,2829.4,Healthcare,28621.86,630,Bank Transfer|E-wallet Balance,2026-02-28T13:08:13.976605,2024-07-05T13:08:13.976607,2026-03-27T13:08:13.976608
0ac936db1bc3f677,44,Las Pinas,10,2151.75,Insurance,17989.93,375,E-wallet Balance|Bank Transfer,2026-03-10T13:08:13.976627,2025-03-17T13:08:13.976629,2026-03-27T13:08:13.976630
9af8ef8c5b66c325,39,Las Pinas,18,2753.5,Healthcare,56841.25,894,E-wallet Balance|Bank Transfer,2026-03-05T13:08:13.976649,2023-10-15T13:08:13.976651,2026-03-27T13:08:13.976652
d29b57e33f6cfabf,54,Manila,17,1663.35,Utilities,23293.77,681,E-wallet Balance|Bank Transfer,2026-03-14T13:08:13.976671,2024-05-15T13:08:13.976673,2026-03-27T13:08:13.976674
d6e07c25dc09f0bc,41,Muntinlupa,14,2342.9,Utilities,27182.05,176,Bank Transfer|E-wallet Balance,2026-03-23T13:08:13.976693,2025-10-02T13:08:13.976695,2026-03-27T13:08:13.976696
a9369785e6b9c006,42,Manila,18,2724.89,Insurance,58735.18,273,E-wallet Balance|Bank Transfer,2026-03-04T13:08:13.976719,2025-06-27T13:08:13.976721,2026-03-27T13:08:13.976721
ccabba8a4c95abe1,52,Paranaque,12,1530.51,Utilities,17005.73,546,Bank Transfer|E-wallet Balance,2026-03-20T13:08:13.976741,2024-09-27T13:08:13.976743,2026-03-27T13:08:13.976743
645b3d40b56f573f,53,Manila,16,1981.65,Healthcare,36379.27,366,E-wallet Balance|Bank Transfer,2026-03-18T13:08:13.976765,2025-03-26T13:08:13.976775,2026-03-27T13:08:13.976779
b3b44aa038f4c9b8,42,Manila,14,2257.99,Healthcare,26402.83,582,Bank Transfer|E-wallet Balance,2026-03-27T13:08:13.976822,2024-08-22T13:08:13.976824,2026-03-27T13:08:13.976825
63c873433a695767,53,Paranaque,18,2004.56,Utilities,29875.94,94,E-wallet Balance|Bank Transfer,2026-02-26T13:08:13.976848,2025-12-23T13:08:13.976851,2026-03-27T13:08:13.976852
179fbc5b8385a244,49,Las Pinas,18,2014.79,Healthcare,38908.98,1062,E-wallet Balance|Bank Transfer,2026-03-10T13:08:13.976873,2023-04-30T13:08:13.976875,2026-03-27T13:08:13.976876
7e1613d9e4d2629a,38,Manila,13,2459.47,Utilities,29169.16,545,Bank Transfer|E-wallet Balance,2026-02-28T13:08:13.976896,2024-09-28T13:08:13.976898,2026-03-27T13:08:13.976899
d9a0eeb871eb806c,53,Manila,18,2875.72,Healthcare,57123.68,176,E-wallet Balance|Bank Transfer,2026-03-25T13:08:13.976919,2025-10-02T13:08:13.976921,2026-03-27T13:08:13.976922
08a078e32a17881c,45,Manila,17,1625.74,Healthcare,23937.84,289,E-wallet Balance|Bank Transfer,2026-03-03T13:08:13.976941,2025-06-11T13:08:13.976943,2026-03-27T13:08:13.976944
36dfc00226dcaccf,40,Manila,10,2010.37,Healthcare,22417.18,951,E-wallet Balance|Bank Transfer,2026-03-25T13:08:13.976963,2023-08-19T13:08:13.976966,2026-03-27T13:08:13.976966
35c7fc2133f9ed1e,42,Paranaque,13,2435.66,Healthcare,27141.72,601,Bank Transfer|E-wallet Balance,2026-03-07T13:08:13.976986,2024-08-03T13:08:13.976988,2026-03-27T13:08:13.976988
a47a1326b6bd1a69,37,Manila,14,2616.88,Utilities,29635.44,902,E-wallet Balance|Bank Transfer,2026-03-22T13:08:13.977012,2023-10-07T13:08:13.977015,2026-03-27T13:08:13.977016
4fe76c3facef3e86,37,Manila,18,2621.21,Utilities,43457.1,300,Bank Transfer|E-wallet Balance,2026-02-27T13:08:13.977036,2025-05-31T13:08:13.977038,2026-03-27T13:08:13.977039
d4481e97c555459e,50,Muntinlupa,15,2814.42,Utilities,49874.65,617,E-wallet Balance|Bank Transfer,2026-03-19T13:08:13.977125,2024-07-18T13:08:13.977130,2026-03-27T13:08:13.977131
8471c5e2b39d36e9,52,Las Pinas,10,2132.64,Insurance,19875.08,648,Bank Transfer|E-wallet Balance,2026-03-05T13:08:13.977171,2024-06-17T13:08:13.977174,2026-03-27T13:08:13.977175
8786fb66d3bbe38e,49,Paranaque,13,2919.82,Insurance,33636.68,691,Bank Transfer|E-wallet Balance,2026-03-10T13:08:13.977202,2024-05-05T13:08:13.977205,2026-03-27T13:08:13.977206
93215e78bec27e0f,45,Manila,13,2936.3,Healthcare,34389.24,687,E-wallet Balance|Bank Transfer,2026-03-23T13:08:13.977229,2024-05-09T13:08:13.977231,2026-03-27T13:08:13.977232
b765c5b203d4aece,40,Paranaque,16,2024.15,Insurance,38520.99,70,Bank Transfer|E-wallet Balance,2026-03-05T13:08:13.977254,2026-01-16T13:08:13.977257,2026-03-27T13:08:13.977257
44c1c55db467cc28,43,Taguig,78,3941.02,Healthcare|Transportation|Dining|Groceries|Shopping,355980.78,339,Credit Card|E-wallet Balance,2026-03-10T13:08:13.977290,2025-04-22T13:08:13.977293,2026-03-27T13:08:13.977294
d6883bcce9c6c546,32,Makati,82,2273.43,Groceries|Utilities|Shopping|Entertainment|Remittance,214600.23,677,E-wallet Balance|Credit Card,2026-03-01T13:08:13.977339,2024-05-19T13:08:13.977342,2026-03-27T13:08:13.977342
a217c269fe8cbcc1,39,Makati,78,2799.24,Dining|Shopping|Remittance|Business|Transportation,233279.33,760,E-wallet Balance|Credit Card,2026-03-01T13:08:13.977371,2024-02-26T13:08:13.977373,2026-03-27T13:08:13.977374
6a38fbafb8010b03,40,Makati,75,4861.46,Transportation|Utilities|Shopping|Remittance|Business,400707.13,206,Credit Card|E-wallet Balance,2026-03-04T13:08:13.977401,2025-09-02T13:08:13.977403,2026-03-27T13:08:13.977404
b0c2d73f5688876d,44,Makati,77,4631.23,Healthcare|Entertainment|Business|Dining|Groceries,310016.38,437,Credit Card|E-wallet Balance,2026-02-26T13:08:13.977430,2025-01-14T13:08:13.977432,2026-03-27T13:08:13.977433
e02c549acd913c1f,36,Makati,72,4577.41,Utilities|Business|Remittance|Entertainment|Transportation,308089.05,645,E-wallet Balance|Credit Card,2026-03-26T13:08:13.977459,2024-06-20T13:08:13.977461,2026-03-27T13:08:13.977461
cbf427e51f8c4004,35,BGC,93,3460.22,Entertainment|Shopping|Utilities|Dining|Groceries,323849.93,530,E-wallet Balance|Credit Card,2026-03-23T13:08:13.977488,2024-10-13T13:08:13.977490,2026-03-27T13:08:13.977491
2149b266d31ef1fc,38,Taguig,69,4553.47,Entertainment|Transportation|Healthcare|Utilities|Remittance,341757.39,59,E-wallet Balance|Credit Card,2026-03-22T13:08:13.977518,2026-01-27T13:08:13.977520,2026-03-27T13:08:13.977521
56aa8520c490910a,32,BGC,54,3757.31,Entertainment|Groceries|Shopping|Remittance|Business,215424.02,99,Credit Card|E-wallet Balance,2026-03-03T13:08:13.977546,2025-12-18T13:08:13.977548,2026-03-27T13:08:13.977549
1b30e20f9cb368c8,33,Makati,56,3584.88,Dining|Healthcare|Groceries|Shopping|Remittance,168543.55,797,Credit Card|E-wallet Balance,2026-03-04T13:08:13.977573,2024-01-20T13:08:13.977576,2026-03-27T13:08:13.977576
8c9925f3f5ac7454,30,BGC,93,2980.33,Dining|Shopping|Remittance|Healthcare|Business,321227.49,1067,Credit Card|E-wallet Balance,2026-03-24T13:08:13.977602,2023-04-25T13:08:13.977604,2026-03-27T13:08:13.977605
66b6a7823517c748,30,BGC,53,3450.09,Transportation|Entertainment|Healthcare|Utilities|Dining,205965.84,789,E-wallet Balance|Credit Card,2026-03-10T13:08:13.977629,2024-01-28T13:08:13.977632,2026-03-27T13:08:13.977632
7b3e4a0fd6b80c72,31,Taguig,61,4755.23,Entertainment|Groceries|Transportation|Business|Utilities,312757.52,794,E-wallet Balance|Credit Card,2026-03-22T13:08:13.977693,2024-01-23T13:08:13.977718,2026-03-27T13:08:13.977721
8fb8ecab2828e7c7,35,Makati,75,4657.29,Entertainment|Transportation|Dining|Shopping|Groceries,308588.24,552,Credit Card|E-wallet Balance,2026-03-12T13:08:13.977916,2024-09-21T13:08:13.977919,2026-03-27T13:08:13.977920
ea51368462cc78bd,43,Makati,57,2651.2,Groceries|Business|Healthcare|Entertainment|Utilities,142760.5,562,E-wallet Balance|Credit Card,2026-02-28T13:08:13.977961,2024-09-11T13:08:13.977964,2026-03-27T13:08:13.977965
c82e0cf1c8dac2cc,32,Makati,57,2097.18,Dining|Business|Healthcare|Transportation|Utilities,97819.11,274,E-wallet Balance|Credit Card,2026-03-12T13:08:13.977995,2025-06-26T13:08:13.977997,2026-03-27T13:08:13.977998
a0a63e0a90094d7e,36,BGC,90,3821.33,Groceries|Remittance|Healthcare|Utilities|Entertainment,284021.99,304,E-wallet Balance|Credit Card,2026-03-20T13:08:13.978025,2025-05-27T13:08:13.978027,2026-03-27T13:08:13.978028
b924a06889339513,38,Makati,90,3314.25,Transportation|Healthcare|Business|Shopping|Dining,259415.73,472,Credit Card|E-wallet Balance,2026-03-17T13:08:13.978055,2024-12-10T13:08:13.978057,2026-03-27T13:08:13.978058
197434e127a23544,40,Taguig,55,4628.78,Dining|Shopping|Utilities|Remittance|Healthcare,204896.52,903,E-wallet Balance|Credit Card,2026-03-20T13:08:13.978083,2023-10-06T13:08:13.978085,2026-03-27T13:08:13.978086
a07517baa445d14f,42,Makati,91,3554.99,Healthcare|Groceries|Remittance|Shopping|Business,372645.28,457,E-wallet Balance|Credit Card,2026-03-22T13:08:13.978112,2024-12-25T13:08:13.978114,2026-03-27T13:08:13.978115
d36cef9e8b267a27,38,Makati,72,3525.18,Entertainment|Business|Groceries|Healthcare|Remittance,279133.53,680,Credit Card|E-wallet Balance,2026-03-03T13:08:13.978203,2024-05-16T13:08:13.978208,2026-03-27T13:08:13.978209
7ec82ed2b54123c1,42,Makati,82,2129.22,Utilities|Entertainment|Transportation|Dining|Groceries,151571.86,30,Credit Card|E-wallet Balance,2026-03-15T13:08:13.978259,2026-02-25T13:08:13.978262,2026-03-27T13:08:13.978263
549fb54bfa67fb7f,39,Makati,76,2395.6,Dining|Business|Groceries|Shopping|Transportation,146822.9,893,Credit Card|E-wallet Balance,2026-03-10T13:08:13.978298,2023-10-16T13:08:13.978301,2026-03-27T13:08:13.978302
7eb622029cc73e68,38,BGC,86,4157.57,Transportation|Shopping|Utilities|Business|Dining,332605.68,920,E-wallet Balance|Credit Card,2026-03-05T13:08:13.978333,2023-09-19T13:08:13.978335,2026-03-27T13:08:13.978336
293114e9bc8ca7c3,42,BGC,87,3801.27,Transportation|Dining|Groceries|Healthcare|Business,373083.78,236,Credit Card|E-wallet Balance,2026-03-10T13:08:13.978398,2025-08-03T13:08:13.978400,2026-03-27T13:08:13.978401
735e6d1fa11eb8ef,35,BGC,81,2559.93,Transportation|Groceries|Healthcare|Entertainment|Dining,166100.48,101,Credit Card|E-wallet Balance,2026-02-27T13:08:13.978429,2025-12-16T13:08:13.978431,2026-03-27T13:08:13.978432
c9a3259d457c5398,33,Taguig,83,3893.49,Shopping|Transportation|Remittance|Entertainment|Dining,259376.37,283,E-wallet Balance|Credit Card,2026-03-02T13:08:13.978460,2025-06-17T13:08:13.978462,2026-03-27T13:08:13.978463
801039abbe7c4213,43,Makati,60,2362.84,Dining|Healthcare|Entertainment|Shopping|Utilities,167519.23,948,E-wallet Balance|Credit Card,2026-03-09T13:08:13.978490,2023-08-22T13:08:13.978492,2026-03-27T13:08:13.978493
6596f9aeb21e74cd,39,BGC,55,3635.85,Groceries|Shopping|Healthcare|Utilities|Entertainment,180667.9,140,E-wallet Balance|Credit Card,2026-03-21T13:08:13.978520,2025-11-07T13:08:13.978522,2026-03-27T13:08:13.978523
cbe0a08b3315b216,36,BGC,69,4295.46,Transportation|Utilities|Business|Dining|Remittance,284531.42,837,E-wallet Balance|Credit Card,2026-03-14T13:08:13.978549,2023-12-11T13:08:13.978551,2026-03-27T13:08:13.978552
6a36d6a5edd034b6,43,Makati,84,4142.7,Remittance|Utilities|Transportation|Healthcare|Groceries,395617.89,1040,E-wallet Balance|Credit Card,2026-03-13T13:08:13.978578,2023-05-22T13:08:13.978580,2026-03-27T13:08:13.978581
ec251a624de56916,38,Makati,98,2835.7,Transportation|Groceries|Utilities|Remittance|Entertainment,321152.87,357,Credit Card|E-wallet Balance,2026-03-08T13:08:13.978606,2025-04-04T13:08:13.978608,2026-03-27T13:08:13.978609
592cfa7f62f8ee50,44,Makati,50,2075.97,Utilities|Entertainment|Remittance|Healthcare|Groceries,88950.28,765,Credit Card|E-wallet Balance,2026-03-10T13:08:13.978635,2024-02-21T13:08:13.978637,2026-03-27T13:08:13.978638
bef1fd044becf16a,37,Makati,98,4380.23,Remittance|Healthcare|Shopping|Entertainment|Dining,455879.69,217,Credit Card|E-wallet Balance,2026-03-02T13:08:13.978664,2025-08-22T13:08:13.978666,2026-03-27T13:08:13.978667
a38a9defb3d9c959,39,Makati,84,2257.39,Transportation|Entertainment|Groceries|Healthcare|Shopping,162047.97,836,E-wallet Balance|Credit Card,2026-03-25T13:08:13.978693,2023-12-12T13:08:13.978695,2026-03-27T13:08:13.978696
bad20b8c698ffa85,35,BGC,79,3305.13,Remittance|Utilities|Groceries|Dining|Business,256891.57,541,Credit Card|E-wallet Balance,2026-03-23T13:08:13.978721,2024-10-02T13:08:13.978723,2026-03-27T13:08:13.978724
62eb5e6d1b51ddda,30,BGC,95,4530.18,Utilities|Shopping|Dining|Remittance|Transportation,493865.9,1061,Credit Card|E-wallet Balance,2026-03-03T13:08:13.978752,2023-05-01T13:08:13.978754,2026-03-27T13:08:13.978755
30084874ffb36a18,39,Makati,80,3428.78,Healthcare|Entertainment|Dining|Utilities|Business,249270.64,489,Credit Card|E-wallet Balance,2026-03-11T13:08:13.978781,2024-11-23T13:08:13.978783,2026-03-27T13:08:13.978783
5abc82ef2cdbbbb6,35,Taguig,95,4913.85,Healthcare|Shopping|Dining|Utilities|Entertainment,460289.54,652,E-wallet Balance|Credit Card,2026-03-09T13:08:13.978809,2024-06-13T13:08:13.978811,2026-03-27T13:08:13.978812
b86bc9e74644c026,30,Makati,51,2010.66,Healthcare|Entertainment|Shopping|Utilities|Business,96062.88,367,Credit Card|E-wallet Balance,2026-03-10T13:08:13.978837,2025-03-25T13:08:13.978839,2026-03-27T13:08:13.978839
4847dcca2ed6858d,34,BGC,53,3238.4,Utilities|Healthcare|Groceries|Shopping|Dining,152274.81,223,E-wallet Balance|Credit Card,2026-02-28T13:08:13.978865,2025-08-16T13:08:13.978867,2026-03-27T13:08:13.978868
7e57b164f7ae25f0,34,Taguig,65,3560.44,Shopping|Remittance|Healthcare|Entertainment|Utilities,272828.93,116,E-wallet Balance|Credit Card,2026-03-09T13:08:13.978893,2025-12-01T13:08:13.978895,2026-03-27T13:08:13.978896
efa52f927ba971e4,38,Taguig,77,4791.42,Business|Transportation|Shopping|Dining|Healthcare,296046.16,384,E-wallet Balance|Credit Card,2026-03-17T13:08:13.978921,2025-03-08T13:08:13.978923,2026-03-27T13:08:13.978924
21199e7210337db4,44,Makati,66,4661.5,Utilities|Transportation|Shopping|Dining|Healthcare,337753.79,40,Credit Card|E-wallet Balance,2026-02-26T13:08:13.978949,2026-02-15T13:08:13.978951,2026-03-27T13:08:13.978952
e1efbc5cd704eafc,39,BGC,60,2573.75,Utilities|Business|Healthcare|Remittance|Groceries,168387.96,296,Credit Card|E-wallet Balance,2026-03-03T13:08:13.978977,2025-06-04T13:08:13.978979,2026-03-27T13:08:13.978980
d399e513ab7a6fd8,31,Makati,77,4673.71,Business|Remittance|Dining|Entertainment|Utilities,322603.4,142,E-wallet Balance|Credit Card,2026-03-27T13:08:13.979005,2025-11-05T13:08:13.979007,2026-03-27T13:08:13.979008
d2241a7d9618908c,35,Taguig,98,3227.83,Remittance|Business|Shopping|Healthcare|Transportation,300522.03,702,E-wallet Balance|Credit Card,2026-03-27T13:08:13.979033,2024-04-24T13:08:13.979036,2026-03-27T13:08:13.979036
012f85319ae20c4e,34,Taguig,81,2830.98,Remittance|Shopping|Transportation|Groceries|Utilities,192976.94,395,E-wallet Balance|Credit Card,2026-03-04T13:08:13.979061,2025-02-25T13:08:13.979063,2026-03-27T13:08:13.979064
2178b57de63b6aa4,36,Makati,99,3864.72,Business|Shopping|Utilities|Groceries|Healthcare,389577.63,339,E-wallet Balance|Credit Card,2026-03-22T13:08:13.979089,2025-04-22T13:08:13.979091,2026-03-27T13:08:13.979091
9e7412cdb29a405e,32,BGC,83,3018.16,Shopping|Transportation|Dining|Healthcare|Remittance,271222.32,139,Credit Card|E-wallet Balance,2026-03-14T13:08:13.979117,2025-11-08T13:08:13.979119,2026-03-27T13:08:13.979120
